data,SE,casos,casos_est,nivel,tempmed,tempmin,tempmax,umidmed,umidmin,umidmax,p_rt1,mes,ano,semana,casos_lag1,casos_lag2,casos_lag4,media_movel_4
2015-02-01,201505,590,590.0,4,28.1336405714286,26.8571428571429,30.5714285714286,71.2157257142857,56.7142857142857,80.4285714285714,0.9931201,2,2015,5,578.0,515.0,355.0,536.0
2015-02-08,201506,543,543.0,4,28.2739357142857,26.1428571428571,31.2857142857143,71.89533,55.7142857142857,85.2857142857143,0.37255138,2,2015,6,590.0,578.0,461.0,556.5
2015-02-15,201507,646,646.0,4,27.6729551428571,25.5714285714286,30.5714285714286,75.5935194285714,59.5714285714286,89.7142857142857,0.9838021,2,2015,7,543.0,590.0,515.0,589.25
2015-02-22,201508,892,892.0,4,27.7583918571429,25.2857142857143,30.2857142857143,74.0157322857143,55.8571428571429,87.1428571428571,1.0,2,2015,8,646.0,543.0,578.0,667.75
2015-03-01,201509,1397,1397.0,4,27.7158264285714,25.1428571428571,30.1428571428571,76.2003042857143,61.8571428571429,91.2857142857143,1.0,3,2015,9,892.0,646.0,590.0,869.5
2015-03-08,201510,1576,1576.0,4,27.2970874285714,25.2857142857143,29.4285714285714,77.5667805714286,55.2857142857143,87.8571428571429,1.0,3,2015,10,1397.0,892.0,543.0,1127.75
2015-03-15,201511,1781,1781.0,4,27.8639611428571,25.7142857142857,30.0,76.006358,61.4285714285714,86.8571428571429,1.0,3,2015,11,1576.0,1397.0,646.0,1411.5
2015-03-22,201512,1791,1791.0,4,27.376847,24.7142857142857,30.1428571428571,77.245248,62.1428571428571,90.0,0.99998945,3,2015,12,1781.0,1576.0,892.0,1636.25
2015-03-29,201513,1959,1959.0,4,27.3154221428571,24.2857142857143,30.2857142857143,73.430222,55.2857142857143,89.8571428571429,0.9999798,3,2015,13,1791.0,1781.0,1397.0,1776.75
2015-04-05,201514,1602,1602.0,4,27.9583331428571,24.8571428571429,30.7142857142857,76.7788585714286,60.7142857142857,93.2857142857143,0.0004008158,4,2015,14,1959.0,1791.0,1576.0,1783.25
2015-04-12,201515,1547,1547.0,4,28.1475997142857,25.7142857142857,30.5714285714286,73.4604842857143,58.1428571428571,86.8571428571429,1.34191e-05,4,2015,15,1602.0,1959.0,1781.0,1724.75
2015-04-19,201516,1661,1661.0,4,27.6988192857143,25.1428571428571,30.7142857142857,76.9377305714286,58.1428571428571,89.5714285714286,0.3586092,4,2015,16,1547.0,1602.0,1791.0,1692.25
2015-04-26,201517,1199,1199.0,4,28.333601,26.1428571428571,30.5714285714286,71.4003791428571,56.8571428571429,83.1428571428571,0.0,4,2015,17,1661.0,1547.0,1959.0,1502.25
2015-05-03,201518,1020,1020.0,4,27.5457398571429,24.4285714285714,30.0,76.3376122857143,61.7142857142857,92.2857142857143,0.0,5,2015,18,1199.0,1661.0,1602.0,1356.75
2015-05-10,201519,812,812.0,4,27.5323188571429,24.8571428571429,30.1428571428571,73.8689911428571,58.0,88.1428571428571,0.0,5,2015,19,1020.0,1199.0,1547.0,1173.0
2015-05-17,201520,655,655.0,4,27.0589167142857,24.0,30.0,78.4848871428571,60.2857142857143,94.1428571428571,0.0,5,2015,20,812.0,1020.0,1661.0,921.5
2015-05-24,201521,450,450.0,4,27.1346751428571,24.5714285714286,29.8571428571429,78.6584437142857,61.1428571428571,92.8571428571429,0.0,5,2015,21,655.0,812.0,1199.0,734.25
2015-05-31,201522,517,517.0,4,26.0725384285714,23.2857142857143,29.0,81.2657128571429,56.7142857142857,96.7142857142857,2.64338e-05,5,2015,22,450.0,655.0,1020.0,608.5
2015-06-07,201523,525,525.0,4,26.1350038571429,23.0,29.0,79.185388,60.5714285714286,95.7142857142857,0.3230056,6,2015,23,517.0,450.0,812.0,536.75
2015-06-14,201524,406,406.0,4,26.226296,23.4285714285714,29.1428571428571,78.07089,59.5714285714286,93.0,0.0006232774,6,2015,24,525.0,517.0,655.0,474.5
2015-06-21,201525,386,386.0,4,25.0718732857143,22.4285714285714,27.8571428571429,82.8241757142857,56.1428571428571,97.4285714285714,0.0006210792,6,2015,25,406.0,525.0,450.0,458.5
2015-06-28,201526,535,535.0,4,25.5197467142857,23.2857142857143,28.2857142857143,84.5312294285714,70.0,98.2857142857143,0.99866253,6,2015,26,386.0,406.0,517.0,463.0
2015-07-05,201527,554,554.0,4,25.6136051428571,23.2857142857143,28.7142857142857,79.4147465714286,60.5714285714286,93.7142857142857,0.9998031,7,2015,27,535.0,386.0,525.0,470.25
2015-07-12,201528,281,281.0,4,26.136104,23.8571428571429,28.5714285714286,74.4303871428571,58.0,89.4285714285714,0.0,7,2015,28,554.0,535.0,406.0,439.0
2015-07-19,201529,443,443.0,1,24.2521391428571,22.1428571428571,26.8571428571429,83.7661308571429,66.4285714285714,96.1428571428571,0.23164144,7,2015,29,281.0,554.0,386.0,453.25
2015-07-26,201530,301,301.0,1,24.4664752857143,22.4285714285714,27.0,83.0359805714286,58.7142857142857,95.7142857142857,8.6154e-05,7,2015,30,443.0,281.0,535.0,394.75
2015-08-02,201531,430,430.0,1,25.4297011428571,22.8571428571429,28.0,73.5926751428571,58.0,86.8571428571429,0.97775245,8,2015,31,301.0,443.0,554.0,363.75
2015-08-09,201532,307,307.0,1,24.9867494285714,22.0,27.5714285714286,77.3537071428571,60.8571428571429,92.4285714285714,0.011841515,8,2015,32,430.0,301.0,281.0,370.25
2015-08-16,201533,531,531.0,1,25.8640814285714,23.5714285714286,28.0,73.2056448571429,57.4285714285714,87.7142857142857,0.99999994,8,2015,33,307.0,430.0,443.0,392.25
2015-08-23,201534,604,604.0,4,25.9776785714286,23.1428571428571,28.5714285714286,72.0089285714286,57.0,86.8571428571429,1.0,8,2015,34,531.0,307.0,301.0,468.0
2015-08-30,201535,535,535.0,4,25.5781868571429,22.4285714285714,28.2857142857143,75.9104937142857,58.5714285714286,91.7142857142857,0.93844396,8,2015,35,604.0,531.0,430.0,494.25
2015-09-06,201536,471,471.0,4,26.643903,25.0,28.8571428571429,68.9098178571429,54.7142857142857,82.0,0.011957031,9,2015,36,535.0,604.0,307.0,535.25
2015-09-13,201537,252,252.0,4,26.4812788571429,24.1428571428571,28.7142857142857,70.4238194285714,54.8571428571429,85.5714285714286,0.0,9,2015,37,471.0,535.0,531.0,465.5
2015-09-20,201538,344,344.0,2,26.9508928571429,25.5714285714286,29.0,67.7678571428571,55.0,75.7142857142857,0.0007858521,9,2015,38,252.0,471.0,604.0,400.5
2015-09-27,201539,508,508.0,4,26.9160425714286,25.7142857142857,29.0,66.4792622857143,51.7142857142857,75.8571428571429,0.9999999,9,2015,39,344.0,252.0,535.0,393.75
2015-10-04,201540,560,560.0,4,26.7828734285714,24.8571428571429,29.2857142857143,68.6952114285714,54.2857142857143,81.1428571428571,1.0,10,2015,40,508.0,344.0,471.0,416.0
2015-10-11,201541,588,588.0,4,26.5648951428571,24.2857142857143,29.0,70.6637237142857,53.4285714285714,88.1428571428571,0.9998779,10,2015,41,560.0,508.0,252.0,500.0
2015-10-18,201542,655,655.0,4,26.9526917142857,25.1428571428571,29.0,69.0105564285714,56.5714285714286,78.5714285714286,0.9993532,10,2015,42,588.0,560.0,344.0,577.75
2015-10-25,201543,619,619.0,4,27.2692971428571,25.8571428571429,29.2857142857143,65.9563657142857,51.7142857142857,75.2857142857143,0.78983796,10,2015,43,655.0,588.0,508.0,605.5
2015-11-01,201544,925,925.0,4,27.16364875,25.375,29.75,68.9501075,53.625,80.625,1.0,11,2015,44,619.0,655.0,560.0,696.75
2015-11-08,201545,1071,1071.0,4,27.1964285714286,25.5714285714286,29.8571428571429,67.34375,50.8571428571429,78.7142857142857,1.0,11,2015,45,925.0,619.0,588.0,817.5
2015-11-15,201546,1133,1133.0,4,27.2897455714286,25.0,29.8571428571429,70.7964572857143,53.8571428571429,84.7142857142857,1.0,11,2015,46,1071.0,925.0,655.0,937.0
2015-11-22,201547,1094,1094.0,4,27.7949507142857,25.2857142857143,30.7142857142857,69.9491991428571,51.2857142857143,83.4285714285714,0.9445521,11,2015,47,1133.0,1071.0,619.0,1055.75
2015-11-29,201548,1340,1340.0,4,27.5177804285714,24.8571428571429,30.7142857142857,68.8364534285714,51.5714285714286,82.8571428571429,0.99999934,11,2015,48,1094.0,1133.0,925.0,1159.5
2015-12-06,201549,1125,1125.0,4,27.2395032857143,25.4285714285714,29.0,72.18894,60.2857142857143,82.2857142857143,0.24757382,12,2015,49,1340.0,1094.0,1071.0,1173.0
2015-12-13,201550,967,967.0,4,26.5988455714286,26.0,27.1428571428571,76.2700215714286,67.4285714285714,81.4285714285714,7.854e-07,12,2015,50,1125.0,1340.0,1133.0,1131.5
2015-12-20,201551,787,787.0,4,26.6483135714286,25.8571428571429,27.4285714285714,74.87153,67.1428571428571,80.1428571428571,0.0,12,2015,51,967.0,1125.0,1094.0,1054.75
2015-12-27,201552,537,537.0,4,26.6773724285714,26.0,27.4285714285714,77.484618,70.0,82.7142857142857,0.0,12,2015,52,787.0,967.0,1340.0,854.0
2016-01-03,201601,1245,1245.0,4,26.939068,26.1428571428571,28.0,82.700844,73.4285714285714,89.0,1.0,1,2016,53,537.0,787.0,1125.0,884.0
2016-01-10,201602,1438,1438.0,4,26.3474011428571,25.7142857142857,27.4285714285714,84.597515,76.5714285714286,89.7142857142857,1.0,1,2016,1,1245.0,537.0,967.0,1001.75
2016-01-17,201603,1317,1317.0,4,26.2900431428571,25.4285714285714,27.2857142857143,85.4963905714286,77.5714285714286,91.1428571428571,0.9999976,1,2016,2,1438.0,1245.0,787.0,1134.25
2016-01-24,201604,1682,1682.0,4,26.8080358571429,25.1428571428571,28.1428571428571,76.5341964285714,67.7142857142857,85.1428571428571,1.0,1,2016,3,1317.0,1438.0,537.0,1420.5
2016-01-31,201605,1879,1879.0,4,27.9401682857143,25.5714285714286,30.4285714285714,72.61612,58.1428571428571,85.1428571428571,1.0,1,2016,4,1682.0,1317.0,1245.0,1579.0
2016-02-07,201606,2044,2044.0,4,27.5173612857143,24.8571428571429,29.8571428571429,73.131945,57.4285714285714,86.1428571428571,1.0,2,2016,5,1879.0,1682.0,1438.0,1730.5
2016-02-14,201607,2072,2072.0,4,26.979085,26.2857142857143,28.1428571428571,78.9255151428571,70.1428571428571,83.8571428571429,0.9998918,2,2016,6,2044.0,1879.0,1317.0,1919.25
2016-02-21,201608,1578,1578.0,4,27.0381494285714,26.0,28.2857142857143,77.9160711428571,61.7142857142857,86.8571428571429,1e-10,2,2016,7,2072.0,2044.0,1682.0,1893.25
2016-02-28,201609,1267,1267.0,4,27.0232142857143,25.8571428571429,28.0,78.1070357142857,68.8571428571429,86.2857142857143,0.0,2,2016,8,1578.0,2072.0,1879.0,1740.25
2016-03-06,201610,985,985.0,4,27.2329545714286,26.1428571428571,28.1428571428571,77.6505668571428,68.0,86.0,0.0,3,2016,9,1267.0,1578.0,2044.0,1475.5
2016-03-13,201611,786,786.0,4,26.3142171428571,25.1428571428571,27.1428571428571,81.1672065714286,64.5714285714286,90.0,0.0,3,2016,10,985.0,1267.0,2072.0,1154.0
2016-03-20,201612,757,757.0,4,26.8288694285714,25.7142857142857,27.8571428571429,83.0359842857143,73.1428571428571,90.4285714285714,1e-10,3,2016,11,786.0,985.0,1578.0,948.75
2016-03-27,201613,606,606.0,4,26.3567611428571,25.1428571428571,28.0,83.1436217142857,72.2857142857143,90.4285714285714,2e-10,3,2016,12,757.0,786.0,1267.0,783.5
2016-04-03,201614,621,621.0,4,26.4776785714286,25.5714285714286,27.8571428571429,82.7987028571429,72.7142857142857,89.0,0.0013338871,4,2016,13,606.0,757.0,985.0,692.5
2016-04-10,201615,482,482.0,4,27.6041488571429,25.0,29.7142857142857,79.7178642857143,65.5714285714286,95.0,3.629e-07,4,2016,14,621.0,606.0,786.0,616.5
2016-04-17,201616,487,487.0,4,27.1420772857143,25.5714285714286,28.8571428571429,77.7660437142857,64.4285714285714,89.0,0.0018511489,4,2016,15,482.0,621.0,757.0,549.0
2016-04-24,201617,341,341.0,4,27.0750808571429,26.0,28.0,76.3214282857143,68.0,84.0,1.2e-09,4,2016,16,487.0,482.0,606.0,482.75
2016-05-01,201618,312,312.0,4,24.8798702857143,24.0,26.1428571428571,86.4434254285714,78.1428571428571,91.8571428571429,4.737e-07,5,2016,17,341.0,487.0,621.0,405.5
2016-05-08,201619,356,356.0,4,25.2788151428571,24.4285714285714,26.1428571428571,88.8315757142857,81.4285714285714,94.1428571428571,0.21399431,5,2016,18,312.0,341.0,482.0,374.0
2016-05-15,201620,353,353.0,4,25.741802,24.4285714285714,27.0,82.0401785714286,71.7142857142857,91.1428571428571,0.67990834,5,2016,19,356.0,312.0,487.0,340.5
2016-05-22,201621,263,263.0,4,24.65,23.7142857142857,25.8571428571429,86.6804651428571,79.4285714285714,91.8571428571429,0.0011195354,5,2016,20,353.0,356.0,341.0,321.0
2016-05-29,201622,236,236.0,2,24.1954714285714,23.8571428571429,25.1428571428571,92.9054284285714,79.4285714285714,97.0,0.0001354366,5,2016,21,263.0,353.0,312.0,302.0
2016-06-05,201623,297,297.0,2,25.6903405714286,24.2857142857143,27.0,84.7873374285714,75.4285714285714,92.8571428571429,0.7034593,6,2016,22,236.0,263.0,356.0,287.25
2016-06-12,201624,238,238.0,1,24.095238,22.5714285714286,25.7142857142857,82.6910162857143,71.0,90.7142857142857,0.13007294,6,2016,23,297.0,236.0,353.0,258.5
2016-06-19,201625,226,226.0,1,24.1525971428571,23.0,25.2857142857143,84.8072242857143,76.2857142857143,91.8571428571429,0.055183884,6,2016,24,238.0,297.0,263.0,249.25
2016-06-26,201626,186,186.0,1,25.75487,25.0,26.7142857142857,69.337176,59.4285714285714,74.4285714285714,0.0020422766,6,2016,25,226.0,238.0,236.0,236.75
2016-07-03,201627,168,168.0,1,24.7651785714286,23.5714285714286,25.5714285714286,81.3511357142857,73.0,87.8571428571429,0.0047104093,7,2016,26,186.0,226.0,297.0,204.5
2016-07-10,201628,133,133.0,1,24.0255142857143,23.0,25.2857142857143,83.570888,75.2857142857143,90.8571428571429,0.0006168244,7,2016,27,168.0,186.0,238.0,178.25
2016-07-17,201629,95,95.0,1,23.2670454285714,21.8571428571429,24.7142857142857,86.8798697142857,76.4285714285714,93.2857142857143,1.08943e-05,7,2016,28,133.0,168.0,226.0,145.5
2016-07-24,201630,112,112.0,1,24.3713477142857,23.4285714285714,26.1428571428571,79.7307911428571,68.0,89.7142857142857,0.08150206,7,2016,29,95.0,133.0,186.0,127.0
2016-07-31,201631,123,123.0,1,24.7260548571429,23.1428571428571,26.2857142857143,79.2134751428571,66.2857142857143,90.1428571428571,0.7265448,7,2016,30,112.0,95.0,168.0,115.75
2016-08-07,201632,139,139.0,1,23.8380682857143,22.8571428571429,25.2857142857143,81.0312491428571,71.7142857142857,88.2857142857143,0.9504862,8,2016,31,123.0,112.0,133.0,117.25
2016-08-14,201633,122,122.0,1,25.137425,23.8571428571429,26.4285714285714,80.9820177142857,70.8571428571429,90.1428571428571,0.4966038,8,2016,32,139.0,123.0,95.0,124.0
2016-08-21,201634,102,102.0,1,25.573864,24.2857142857143,27.1428571428571,75.9261357142857,66.1428571428571,84.2857142857143,0.05053369,8,2016,33,122.0,139.0,112.0,121.5
2016-08-28,201635,71,71.0,2,25.8306277142857,24.4285714285714,27.1428571428571,77.385146,68.0,87.5714285714286,0.0002881178,8,2016,34,102.0,122.0,123.0,108.5
2016-09-04,201636,76,76.0,2,25.3993954285714,24.2857142857143,26.8571428571429,74.7743502857143,64.5714285714286,82.7142857142857,0.037120197,9,2016,35,71.0,102.0,139.0,92.75
2016-09-11,201637,96,96.0,2,25.2081982857143,24.7142857142857,26.2857142857143,79.9573042857143,72.7142857142857,85.7142857142857,0.81922925,9,2016,36,76.0,71.0,122.0,86.25
2016-09-18,201638,75,75.0,2,25.8603085714286,24.8571428571429,27.0,76.989448,69.4285714285714,82.5714285714286,0.31936136,9,2016,37,96.0,76.0,102.0,79.5
2016-09-25,201639,94,94.0,2,26.3407971428571,25.5714285714286,27.5714285714286,74.4764888571429,66.2857142857143,81.4285714285714,0.7688369,9,2016,38,75.0,96.0,71.0,85.25
2016-10-02,201640,90,90.0,2,25.9302397142857,24.8571428571429,27.5714285714286,76.2964914285714,64.8571428571429,83.7142857142857,0.6422923,10,2016,39,94.0,75.0,76.0,88.75
2016-10-09,201641,80,80.0,2,26.3185877142857,25.4285714285714,27.8571428571429,75.972484,65.1428571428571,84.1428571428571,0.28639102,10,2016,40,90.0,94.0,96.0,84.75
2016-10-16,201642,85,85.0,2,26.2847221428571,25.7142857142857,27.0,76.69246,68.5714285714286,82.0,0.43679497,10,2016,41,80.0,90.0,75.0,87.25
2016-10-23,201643,73,73.0,2,26.4412697142857,25.8571428571429,27.2857142857143,75.19365,67.7142857142857,79.7142857142857,0.19728717,10,2016,42,85.0,80.0,94.0,82.0
2016-10-30,201644,61,61.0,2,26.5153767142857,25.5714285714286,27.7142857142857,76.740574,69.0,83.5714285714286,0.058374017,10,2016,43,73.0,85.0,90.0,74.75
2016-11-06,201645,68,68.0,2,26.7020607142857,25.8571428571429,27.7142857142857,77.3160051428572,68.8571428571429,82.8571428571429,0.3408513,11,2016,44,61.0,73.0,80.0,71.75
2016-11-13,201646,72,72.0,2,26.9334225714286,25.8571428571429,28.5714285714286,79.3375928571429,68.0,88.8571428571429,0.6553259,11,2016,45,68.0,61.0,85.0,68.5
2016-11-20,201647,71,71.0,2,26.8913692857143,26.2857142857143,27.4285714285714,76.2499998571429,69.4285714285714,80.0,0.61817634,11,2016,46,72.0,68.0,73.0,68.0
2016-11-27,201648,57,57.0,2,27.0248015714286,26.4285714285714,27.8571428571429,75.6168508571429,66.5714285714286,81.7142857142857,0.14032766,11,2016,47,71.0,72.0,61.0,67.0
2016-12-04,201649,69,69.0,2,26.9747021428571,26.2857142857143,27.7142857142857,78.1507952857143,69.4285714285714,83.0,0.5609252,12,2016,48,57.0,71.0,68.0,67.25
2016-12-11,201650,67,67.0,2,26.9072421428571,26.2857142857143,27.5714285714286,78.4738514285714,71.1428571428571,84.5714285714286,0.58896935,12,2016,49,69.0,57.0,72.0,66.0
2016-12-18,201651,64,64.0,2,26.6540814285714,25.2857142857143,27.8571428571429,79.6554842857143,68.2857142857143,88.1428571428571,0.45962244,12,2016,50,67.0,69.0,71.0,64.25
2016-12-25,201652,404,404.0,2,27.2061448571429,26.2857142857143,28.0,77.3266808571429,67.8571428571429,86.0,1.0,12,2016,51,64.0,67.0,57.0,151.0
2017-01-01,201701,60,60.0,2,26.9533728571429,26.0,28.1428571428571,76.8670628571429,68.7142857142857,82.4285714285714,4e-10,1,2017,52,404.0,64.0,69.0,148.75
2017-01-08,201702,84,84.0,2,27.0086405714286,26.2857142857143,27.5714285714286,77.4700457142857,69.8571428571429,83.0,0.0,1,2017,1,60.0,404.0,67.0,153.0
2017-01-15,201703,53,53.0,2,27.1529762857143,26.2857142857143,28.2857142857143,74.8456928571429,65.5714285714286,82.1428571428571,0.0,1,2017,2,84.0,60.0,64.0,150.25
2017-01-22,201704,63,63.0,2,27.5586735714286,26.4285714285714,28.7142857142857,77.450397,68.0,85.4285714285714,0.027379842,1,2017,3,53.0,84.0,404.0,65.0
2017-01-29,201705,83,83.0,2,27.2808958571429,26.5714285714286,28.0,77.4866071428571,69.0,83.1428571428571,0.9158682,1,2017,4,63.0,53.0,60.0,70.75
2017-02-05,201706,107,107.0,2,27.2827332857143,26.2857142857143,28.2857142857143,77.7470092857143,70.7142857142857,84.0,0.99819475,2,2017,5,83.0,63.0,84.0,76.5
2017-02-12,201707,109,109.0,3,27.2631095714286,26.2857142857143,28.0,75.817035,68.2857142857143,82.5714285714286,0.9681545,2,2017,6,107.0,83.0,53.0,90.5
2017-02-19,201708,81,81.0,3,27.4523082857143,26.1428571428571,28.4285714285714,77.5147551428571,68.5714285714286,86.0,0.112217635,2,2017,7,109.0,107.0,63.0,95.0
2017-02-26,201709,69,69.0,2,27.3697938571429,26.4285714285714,28.4285714285714,81.3270885714286,72.7142857142857,88.4285714285714,0.013294533,2,2017,8,81.0,109.0,83.0,91.5
2017-03-05,201710,116,116.0,2,27.1645022857143,26.4285714285714,27.8571428571429,79.4028855714286,71.4285714285714,84.5714285714286,0.9762888,3,2017,9,69.0,81.0,107.0,93.75
2017-03-12,201711,95,95.0,2,26.3545454285714,25.1428571428571,27.7142857142857,86.0393948571429,75.8571428571429,94.0,0.73160094,3,2017,10,116.0,69.0,109.0,90.25
2017-03-19,201712,131,131.0,2,27.3589558571429,26.0,28.4285714285714,80.1607958571429,70.8571428571429,88.2857142857143,0.98593116,3,2017,11,95.0,116.0,81.0,102.75
2017-03-26,201713,116,116.0,2,28.0209414285714,27.2857142857143,28.8571428571429,81.0016242857143,74.5714285714286,89.0,0.70320606,3,2017,12,131.0,95.0,69.0,114.5
2017-04-02,201714,97,97.0,2,27.4377928571429,26.5714285714286,28.2857142857143,80.1307872857143,70.5714285714286,87.0,0.10596401,4,2017,13,116.0,131.0,116.0,109.75
2017-04-09,201715,61,61.0,2,26.5154792857143,25.5714285714286,27.7142857142857,88.3979577142857,72.5714285714286,95.8571428571429,6.96798e-05,4,2017,14,97.0,116.0,95.0,101.25
2017-04-16,201716,118,118.0,2,26.0496947142857,25.0,27.4285714285714,88.0447094285714,78.7142857142857,93.7142857142857,0.9395596,4,2017,15,61.0,97.0,131.0,98.0
2017-04-23,201717,74,74.0,2,26.9483317142857,26.0,27.7142857142857,82.2630505714286,75.1428571428571,89.7142857142857,0.14829545,4,2017,16,118.0,61.0,116.0,87.5
2017-04-30,201718,91,91.0,2,26.1570617142857,25.2857142857143,27.5714285714286,84.9972044285714,75.1428571428571,92.2857142857143,0.5171149,4,2017,17,74.0,118.0,97.0,86.0
2017-05-07,201719,106,106.0,2,25.2855792857143,24.4285714285714,26.2857142857143,91.7168115714286,85.7142857142857,99.1428571428571,0.8808284,5,2017,18,91.0,74.0,61.0,97.25
2017-05-14,201720,95,95.0,2,26.484802,25.1428571428571,27.8571428571429,87.1805592857143,77.1428571428571,95.0,0.59729403,5,2017,19,106.0,91.0,118.0,91.5
2017-05-21,201721,73,73.0,2,25.210678,24.4285714285714,25.8571428571429,90.6946605714286,85.1428571428571,96.0,0.039269358,5,2017,20,95.0,106.0,74.0,91.25
2017-05-28,201722,70,70.0,2,24.4051585714286,24.1428571428571,24.8571428571429,96.1880942857143,90.4285714285714,99.5714285714286,0.0541487,5,2017,21,73.0,95.0,91.0,86.0
2017-06-04,201723,114,114.0,2,25.781818,24.8571428571429,26.7142857142857,85.1487742857143,72.7142857142857,92.7142857142857,0.9905476,6,2017,22,70.0,73.0,106.0,88.0
2017-06-11,201724,91,91.0,1,24.5837251428571,23.0,26.0,89.2225244285714,78.1428571428571,97.7142857142857,0.71013886,6,2017,23,114.0,70.0,95.0,87.0
2017-06-18,201725,63,63.0,1,24.8957431428571,23.8571428571429,25.8571428571429,87.1483394285714,77.4285714285714,97.7142857142857,0.009177172,6,2017,24,91.0,114.0,73.0,84.5
2017-06-25,201726,67,67.0,1,24.2429291428571,23.8571428571429,25.0,92.4204895714286,86.4285714285714,96.1428571428571,0.053902116,6,2017,25,63.0,91.0,70.0,83.75
2017-07-02,201727,46,46.0,1,23.1952385714286,22.5714285714286,23.5714285714286,93.6698422857143,89.5714285714286,97.5714285714286,0.007366833,7,2017,26,67.0,63.0,114.0,66.75
2017-07-09,201728,50,50.0,1,24.4214285714286,23.7142857142857,25.2857142857143,82.3019488571429,73.7142857142857,90.2857142857143,0.14234276,7,2017,27,46.0,67.0,91.0,56.5
2017-07-16,201729,57,57.0,1,23.4813857142857,23.1428571428571,24.0,90.2296191428571,84.2857142857143,93.5714285714286,0.6287225,7,2017,28,50.0,46.0,63.0,55.0
2017-07-23,201730,54,54.0,1,23.3760461428571,22.4285714285714,24.0,91.0139972857143,85.1428571428571,98.2857142857143,0.589066,7,2017,29,57.0,50.0,67.0,51.75
2017-07-30,201731,90,90.0,1,23.3503607142857,22.7142857142857,24.1428571428571,89.4053388571429,83.0,96.0,0.9979942,7,2017,30,54.0,57.0,46.0,62.75
2017-08-06,201732,90,90.0,3,23.8383478571429,23.2857142857143,24.7142857142857,87.3250727142857,80.1428571428571,92.0,0.97872347,8,2017,31,90.0,54.0,50.0,72.75
2017-08-13,201733,63,63.0,3,22.5064932857143,22.1428571428571,23.1428571428571,92.4431477142857,78.7142857142857,97.4285714285714,0.11039254,8,2017,32,90.0,90.0,57.0,74.25
2017-08-20,201734,61,61.0,1,23.8832831428571,23.0,24.8571428571429,81.2682998571428,73.0,89.4285714285714,0.05945857,8,2017,33,63.0,90.0,54.0,76.0
2017-08-27,201735,55,55.0,1,24.0011695714286,22.7142857142857,25.1428571428571,76.3968257142857,67.0,84.5714285714286,0.09236778,8,2017,34,61.0,63.0,90.0,67.25
2017-09-03,201736,63,63.0,1,24.2586116,23.2,25.0,77.3356948,69.4,83.8,0.551688,9,2017,35,55.0,61.0,90.0,60.5
2017-09-10,201737,56,56.0,1,24.2586116,23.38,25.0,77.3356948,69.4,83.8,0.397186,9,2017,36,63.0,55.0,63.0,58.75
2017-09-17,201738,41,41.0,2,24.2586116,23.56,25.0,77.3356948,69.4,83.8,0.044503704,9,2017,37,56.0,63.0,61.0,53.75
2017-09-24,201739,111,111.0,2,24.2586116,23.74,25.0,77.3356948,69.4,83.8,0.99998873,9,2017,38,41.0,56.0,55.0,67.75
2017-10-01,201740,43,43.0,2,24.2586116,23.92,25.0,77.3356948,69.4,83.8,0.026611853,10,2017,39,111.0,41.0,63.0,62.75
2017-10-08,201741,53,53.0,2,24.2586116,24.1,25.0,77.3356948,69.4,83.8,0.05410333,10,2017,40,43.0,111.0,56.0,62.0
2017-10-15,201742,50,50.0,2,24.2586116,24.28,25.0,77.3356948,69.4,83.8,0.1271602,10,2017,41,53.0,43.0,41.0,64.25
2017-10-22,201743,50,50.0,2,24.2586116,24.46,25.0,77.3356948,69.4,83.8,0.40098506,10,2017,42,50.0,53.0,111.0,49.0
2017-10-29,201744,56,56.0,2,24.2586116,24.64,25.0,77.3356948,69.4,83.8,0.6963532,10,2017,43,50.0,50.0,43.0,52.25
2017-11-05,201745,46,46.0,2,24.2586116,24.82,25.0,77.3356948,69.4,83.8,0.29995295,11,2017,44,56.0,50.0,53.0,50.5
2017-11-12,201746,26,26.0,2,26.666667,25.0,28.5,71.859265,65.771194,81.046242,0.0026838717,11,2017,45,46.0,56.0,50.0,44.5
2017-11-19,201747,47,47.0,2,27.0476188571429,24.8571428571429,29.2857142857143,72.6840621428571,61.6527985714286,83.56867,0.637794,11,2017,46,26.0,46.0,50.0,43.75
2017-11-26,201748,33,33.0,2,27.190476,25.4285714285714,29.4285714285714,71.3448407142857,62.0924414285714,78.6514751428571,0.27870765,11,2017,47,47.0,26.0,56.0,38.0
2017-12-03,201749,43,43.0,2,26.5760204285714,25.4285714285714,27.7142857142857,76.8184814285714,71.8055714285714,83.6118288571429,0.7083655,12,2017,48,33.0,47.0,46.0,37.25
2017-12-10,201750,39,39.0,2,26.2428571428571,25.2857142857143,27.0,77.6816815714286,74.1792538571429,81.7031408571429,0.5153201,12,2017,49,43.0,33.0,26.0,40.5
2017-12-17,201751,38,38.0,2,26.4785714285714,25.5714285714286,27.4285714285714,78.0358175714286,73.0550177142857,83.7082634285714,0.44148585,12,2017,50,39.0,43.0,47.0,38.25
2017-12-24,201752,39,39.0,2,26.859524,25.7142857142857,28.0,75.6575844285714,70.6502142857143,81.5888757142857,0.48832384,12,2017,51,38.0,39.0,33.0,39.75
2017-12-31,201801,44,44.0,2,26.5428571428571,25.5714285714286,27.0,77.385185,74.13724,82.8852477142857,0.713978,12,2017,52,39.0,38.0,43.0,40.0
2018-01-07,201802,26,26.0,2,26.1857142857143,25.0,27.0,78.4127007142857,74.251504,85.1535165714286,0.05046604,1,2018,1,44.0,39.0,39.0,36.75
2018-01-14,201803,38,38.0,2,26.5187888571429,25.5714285714286,27.5714285714286,77.9043258571429,73.02031,83.878478,0.52013427,1,2018,2,26.0,44.0,38.0,36.75
2018-01-21,201804,39,39.0,2,26.2654762857143,25.2857142857143,27.2857142857143,79.373995,71.781216,85.932586,0.69709426,1,2018,3,38.0,26.0,39.0,36.75
2018-01-28,201805,55,55.0,2,26.8571428571429,26.2857142857143,27.2857142857143,76.4081607142857,72.9470502857143,79.4717625714286,0.9750102,1,2018,4,39.0,38.0,44.0,39.5
2018-02-04,201806,41,41.0,2,27.2011905714286,26.5714285714286,28.0,77.2419765714286,73.0785235714286,81.6717404285714,0.46131632,2,2018,5,55.0,39.0,26.0,43.25
2018-02-11,201807,63,63.0,2,25.8428571428571,24.8571428571429,26.8571428571429,81.7924557142857,76.1656645714286,86.6083482857143,0.9390869,2,2018,6,41.0,55.0,38.0,49.5
2018-02-18,201808,58,58.0,2,26.4350648571429,24.8571428571429,27.5714285714286,81.2729164285714,73.8233802857143,88.9507345714286,0.77073,2,2018,7,63.0,41.0,39.0,54.25
2018-02-25,201809,78,78.0,2,26.7667751428571,24.2857142857143,29.0,77.742245,67.2297777142857,89.4900442857143,0.9691633,2,2018,8,58.0,63.0,55.0,60.0
2018-03-04,201810,75,75.0,2,26.2207791428571,24.7142857142857,27.5714285714286,83.5782628571429,76.834179,91.9104285714286,0.8306752,3,2018,9,78.0,58.0,41.0,68.5
2018-03-11,201811,77,77.0,2,26.5108222857143,24.7142857142857,27.7142857142857,79.2477614285714,71.831614,88.1564458571429,0.68816787,3,2018,10,75.0,78.0,63.0,72.0
2018-03-18,201812,73,73.0,2,26.7889614285714,25.2857142857143,27.8571428571429,76.6150722857143,71.7601024285714,84.5916545714286,0.4415088,3,2018,11,77.0,75.0,58.0,75.75
2018-03-25,201813,86,86.0,2,24.2337662857143,23.5714285714286,25.2857142857143,89.9248305714286,83.60381,94.2084114285714,0.79286844,3,2018,12,73.0,77.0,78.0,77.75
2018-04-01,201814,129,129.0,2,26.0051945714286,24.8571428571429,27.1428571428571,86.1224564285714,79.6425782857143,92.0168502857143,0.9996841,4,2018,13,86.0,73.0,75.0,91.25
2018-04-08,201815,138,138.0,3,24.285714,23.2857142857143,25.8571428571429,90.0094961428571,79.5968652857143,95.86361,0.9976007,4,2018,14,129.0,86.0,77.0,106.5
2018-04-15,201816,148,148.0,3,24.2121211428571,23.1428571428571,25.8571428571429,91.2521665714286,83.862176,98.3342357142857,0.9676726,4,2018,15,138.0,129.0,73.0,125.25
2018-04-22,201817,141,141.0,3,25.7132502857143,23.4285714285714,28.2857142857143,85.2390037142857,72.1022108571429,95.05649,0.64871526,4,2018,16,148.0,138.0,86.0,139.0
2018-04-29,201818,143,143.0,2,26.0833331428571,23.8571428571429,28.2857142857143,82.9163368571429,71.555944,94.1607457142857,0.53241116,4,2018,17,141.0,148.0,129.0,142.5
2018-05-06,201819,181,181.0,1,25.684524,22.8571428571429,28.7142857142857,82.8489987142857,70.0786268571429,95.0154671428571,0.9787991,5,2018,18,143.0,141.0,138.0,153.25
2018-05-13,201820,127,127.0,1,26.4821431428571,24.0,28.5714285714286,80.1739587142857,69.3292974285714,91.8499737142857,0.0792392,5,2018,19,181.0,143.0,148.0,148.0
2018-05-20,201821,98,98.0,1,25.3939391428571,24.0,27.1428571428571,82.613035,73.7680438571429,89.6106048571429,0.0003569306,5,2018,20,127.0,181.0,141.0,137.25
2018-05-27,201822,109,109.0,2,24.4675328571429,23.1428571428571,26.1428571428571,82.9116997142857,74.8367637142857,90.3526128571429,0.065332994,5,2018,21,98.0,127.0,143.0,128.75
2018-06-03,201823,120,120.0,2,24.6623374285714,23.4285714285714,26.0,85.9874142857143,78.0326122857143,92.6106457142857,0.6745128,6,2018,22,109.0,98.0,181.0,113.5
2018-06-10,201824,113,113.0,2,25.3896105714286,24.7142857142857,26.4285714285714,75.858248,69.0842854285714,86.7197968571429,0.5793967,6,2018,23,120.0,109.0,127.0,110.0
2018-06-17,201825,87,87.0,1,23.7272725714286,22.8571428571429,24.7142857142857,81.9817958571429,74.9941451428571,88.1766014285714,0.036776066,6,2018,24,113.0,120.0,98.0,107.25
2018-06-24,201826,82,82.0,1,23.2467531428571,21.8571428571429,25.0,84.2969434285714,73.9050157142857,91.7205128571429,0.039883956,6,2018,25,87.0,113.0,109.0,100.5
2018-07-01,201827,109,109.0,1,23.4285711428571,22.2857142857143,24.7142857142857,86.5729108571429,80.6739608571429,92.6197214285714,0.84148526,7,2018,26,82.0,87.0,120.0,97.75
2018-07-08,201828,77,77.0,1,23.6645025714286,22.4285714285714,25.0,81.8760831428571,73.9764164285714,88.5925737142857,0.14022428,7,2018,27,109.0,82.0,113.0,88.75
2018-07-15,201829,101,101.0,1,24.2527057142857,21.7142857142857,27.0,75.8962748571429,63.5860587142857,88.74367,0.72682434,7,2018,28,77.0,109.0,87.0,92.25
2018-07-22,201830,96,96.0,1,24.6309522857143,22.4285714285714,27.1428571428571,76.492418,65.6439977142857,87.0395065714286,0.627843,7,2018,29,101.0,77.0,82.0,95.75
2018-07-29,201831,93,93.0,1,24.7380954285714,22.2857142857143,27.1428571428571,77.7056291428571,67.3455677142857,89.497,0.48724926,7,2018,30,96.0,101.0,109.0,91.75
2018-08-05,201832,70,70.0,1,25.2916665714286,22.4285714285714,27.8571428571429,77.162392,66.8151508571429,90.1370357142857,0.03156239,8,2018,31,93.0,96.0,77.0,90.0
2018-08-12,201833,72,72.0,1,25.2773811428571,24.1428571428571,26.4285714285714,78.2166498571429,71.4841407142857,84.2889245714286,0.1168357,8,2018,32,70.0,93.0,101.0,82.75
2018-08-19,201834,95,95.0,1,24.3647185714286,23.1428571428571,25.2857142857143,77.0797708571429,70.704935,85.0057601428571,0.8937884,8,2018,33,72.0,70.0,96.0,82.5
2018-08-26,201835,57,57.0,1,23.621212,21.8571428571429,25.1428571428571,79.2243788571429,70.7012085714286,88.6822564285714,0.039934248,8,2018,34,95.0,72.0,93.0,73.5
2018-09-02,201836,53,53.0,1,24.3452382857143,23.4285714285714,25.4285714285714,77.9278714285714,71.8704964285714,83.6233257142857,0.020100616,9,2018,35,57.0,95.0,70.0,69.25
2018-09-09,201837,87,87.0,1,24.0573591428571,22.7142857142857,25.1428571428571,78.5584821428571,72.5674021428571,87.3626351428571,0.9428008,9,2018,36,53.0,57.0,72.0,73.0
2018-09-16,201838,58,58.0,1,25.2445885714286,24.4285714285714,26.1428571428571,78.7979872857143,72.1845405714286,84.9666151428571,0.2755157,9,2018,37,87.0,53.0,95.0,63.75
2018-09-23,201839,57,57.0,1,25.1255414285714,24.4285714285714,26.0,79.7669821428571,74.5896277142857,84.2953642857143,0.1584376,9,2018,38,58.0,87.0,57.0,63.75
2018-09-30,201840,70,70.0,2,25.2272725,24.5,26.75,75.202175,67.733797,82.1566815,0.6705755,9,2018,39,57.0,58.0,53.0,68.0
2018-10-07,201841,48,48.0,2,25.2272725,24.5,26.75,75.202175,67.733797,82.1566815,0.10141799,10,2018,40,70.0,57.0,87.0,58.25
2018-10-14,201842,57,57.0,2,26.164773,24.5,27.5,73.755595,67.5633695,80.989322,0.3926713,10,2018,41,48.0,70.0,58.0,58.0
2018-10-21,201843,76,76.0,2,26.0308445714286,25.2857142857143,27.2857142857143,76.8309692857143,70.4414194285714,82.8287385714286,0.9478918,10,2018,42,57.0,48.0,57.0,62.75
2018-10-28,201844,50,50.0,2,26.2234848571429,25.1428571428571,27.5714285714286,77.7253094285714,72.3830081428572,83.6214942857143,0.18130945,10,2018,43,76.0,57.0,70.0,57.75
2018-11-04,201845,73,73.0,2,26.0630951428571,25.4285714285714,27.0,76.9057922857143,71.7043148571429,82.9502177142857,0.80373627,11,2018,44,50.0,76.0,48.0,64.0
2018-11-11,201846,51,51.0,2,26.5,26.0,27.4285714285714,75.2095147142857,69.8272057142857,79.3636188571429,0.1481708,11,2018,45,73.0,50.0,57.0,62.5
2018-11-18,201847,60,60.0,2,26.35,25.5714285714286,27.2857142857143,77.2064828571429,70.4981974285714,82.8995225714286,0.45775595,11,2018,46,51.0,73.0,76.0,58.5
2018-11-25,201848,60,60.0,2,26.2940477142857,25.7142857142857,27.0,80.051507,74.9758991428571,84.3813331428571,0.5435585,11,2018,47,60.0,51.0,50.0,61.0
2018-12-02,201849,71,71.0,2,26.6916665714286,25.7142857142857,27.4285714285714,79.7486807142857,76.2680511428571,85.7889234285714,0.8587938,12,2018,48,60.0,60.0,73.0,60.5
2018-12-09,201850,62,62.0,2,26.6916665714286,25.5428571428571,27.4285714285714,79.7486807142857,76.2680511428571,85.7889234285714,0.49762776,12,2018,49,71.0,60.0,51.0,63.25
2018-12-16,201851,36,36.0,2,26.6916665714286,25.3714285714286,27.4285714285714,79.7486807142857,76.2680511428571,85.7889234285714,0.002836161,12,2018,50,62.0,71.0,60.0,57.25
2018-12-23,201852,37,37.0,2,26.535,25.2,28.0,73.403039,67.5005358,80.6307428,0.022806782,12,2018,51,36.0,62.0,60.0,51.5
2018-12-30,201901,67,67.0,2,26.5857142857143,25.8571428571429,27.1428571428571,77.6700257142857,72.9170557142857,82.8451254285714,0.9763909,12,2018,52,37.0,36.0,71.0,50.5
2019-01-06,201902,45,45.0,2,25.5428571428571,24.5714285714286,26.4285714285714,83.0786921428571,77.5608402857143,88.1157694285714,0.46707392,1,2019,1,67.0,37.0,62.0,46.25
2019-01-13,201903,37,37.0,2,26.7023805714286,24.7142857142857,28.7142857142857,79.947725,72.8375208571428,91.139918,0.06909576,1,2019,2,45.0,67.0,36.0,46.5
2019-01-20,201904,48,48.0,2,27.5059522857143,25.4285714285714,29.7142857142857,74.8740151428571,64.4880311428571,86.7053082857143,0.5051338,1,2019,3,37.0,45.0,37.0,49.25
2019-01-27,201905,45,45.0,2,27.065476,25.0,29.2857142857143,77.1995358571429,66.0608997142857,88.9900882857143,0.56448805,1,2019,4,48.0,37.0,67.0,43.75
2019-02-03,201906,75,75.0,2,26.5027774285714,24.8571428571429,28.2857142857143,83.8910014285714,73.8868781428571,92.862418,0.9963446,2,2019,5,45.0,48.0,45.0,51.25
2019-02-10,201907,122,122.0,3,26.6857142857143,26.1428571428571,27.2857142857143,82.6125634285714,79.1074057142857,86.689206,0.99999964,2,2019,6,75.0,45.0,37.0,72.5
2019-02-17,201908,85,85.0,3,26.9610388571429,25.8571428571429,28.1428571428571,83.1495,76.993866,89.7863302857143,0.71749854,2,2019,7,122.0,75.0,48.0,81.75
2019-02-24,201909,96,96.0,2,26.8831168571429,25.7142857142857,28.0,82.478117,76.9175742857143,88.940686,0.5226341,2,2019,8,85.0,122.0,45.0,94.5
2019-03-03,201910,102,102.0,2,26.74026,25.4285714285714,27.8571428571429,82.3299657142857,74.9525921428571,89.025943,0.6542598,3,2019,9,96.0,85.0,75.0,101.25
2019-03-10,201911,134,134.0,2,27.2207791428571,25.8571428571429,28.1428571428571,80.1828117142857,74.424276,86.5687902857143,0.99165595,3,2019,10,102.0,96.0,122.0,104.25
2019-03-17,201912,115,115.0,2,26.2077925714286,24.8571428571429,28.0,87.6587541428571,80.3540258571429,92.6568392857143,0.6881166,3,2019,11,134.0,102.0,85.0,111.75
2019-03-24,201913,158,158.0,2,25.9610385714286,24.5714285714286,27.5714285714286,87.593888,79.095958,96.6805771428571,0.9887381,3,2019,12,115.0,134.0,96.0,127.25
2019-03-31,201914,166,166.0,3,25.7142857142857,24.5714285714286,26.8571428571429,89.2948135714286,82.403386,95.9105564285714,0.97772926,3,2019,13,158.0,115.0,102.0,143.25
2019-04-07,201915,216,216.0,3,26.2770562857143,24.8571428571429,27.7142857142857,87.0174862857143,78.6907864285714,93.6691214285714,0.9997102,4,2019,14,166.0,158.0,134.0,163.75
2019-04-14,201916,218,218.0,3,26.4155842857143,24.1428571428571,28.4285714285714,82.8070265714286,72.5556861428571,93.4863605714286,0.9845008,4,2019,15,216.0,166.0,115.0,189.5
2019-04-21,201917,230,230.0,3,26.1710575714286,24.4285714285714,28.4285714285714,84.4908494285714,73.2363978571428,93.5225408571429,0.9222694,4,2019,16,218.0,216.0,158.0,207.5
2019-04-28,201918,319,319.0,2,26.904762,24.8571428571429,28.5714285714286,80.3639785714286,71.5842187142857,91.1814444285714,0.99998635,4,2019,17,230.0,218.0,166.0,245.75
2019-05-05,201919,289,289.0,3,25.852814,24.1428571428571,27.4285714285714,84.3118454285714,77.4797208571429,92.7179858571429,0.95491743,5,2019,18,319.0,230.0,216.0,264.0
2019-05-12,201920,344,344.0,3,26.0259742857143,24.1428571428571,28.0,82.8237348571429,73.0038925714286,91.0762028571429,0.99159044,5,2019,19,289.0,319.0,218.0,295.5
2019-05-19,201921,363,363.0,3,26.0779217142857,24.7142857142857,27.4285714285714,84.0508798571429,77.1154108571429,91.309273,0.9819705,5,2019,20,344.0,289.0,230.0,328.75
2019-05-26,201922,340,340.0,4,25.2597402857143,23.8571428571429,27.0,85.0783658571429,75.4611968571429,93.3672785714286,0.6267191,5,2019,21,363.0,344.0,319.0,334.0
2019-06-02,201923,314,314.0,4,24.4935065714286,22.8571428571429,26.8571428571429,83.6673285714286,71.7279465714286,90.9483457142857,0.11842937,6,2019,22,340.0,363.0,289.0,340.25
2019-06-09,201924,279,279.0,4,25.8912337142857,23.8571428571429,27.4285714285714,79.4873425714286,69.9664578571429,93.4104957142857,0.01252999,6,2019,23,314.0,340.0,344.0,324.0
2019-06-16,201925,263,263.0,1,24.1168834285714,23.0,25.1428571428571,85.0640992857143,78.1384844285714,91.40738,0.023715016,6,2019,24,279.0,314.0,363.0,299.0
2019-06-23,201926,301,301.0,1,24.2337662857143,22.8571428571429,25.8571428571429,83.7098192857143,74.1642907142857,91.9575157142857,0.7156757,6,2019,25,263.0,279.0,340.0,289.25
2019-06-30,201927,327,327.0,1,24.2857142857143,23.0,25.8571428571429,86.7509865714286,76.1493298571429,94.1787142857143,0.9678167,6,2019,26,301.0,263.0,314.0,292.5
2019-07-07,201928,329,329.0,4,24.2857145714286,23.0,26.0,84.5604664285714,74.7388798571429,91.08853,0.8989613,7,2019,27,327.0,301.0,279.0,305.0
2019-07-14,201929,332,332.0,4,23.3766237142857,22.1428571428571,25.1428571428571,85.2407542857143,76.1799841428572,90.2212785714286,0.7314041,7,2019,28,329.0,327.0,263.0,322.25
2019-07-21,201930,247,247.0,4,22.6493508571429,21.7142857142857,24.1428571428571,91.1351165714286,83.6404564285714,95.7836857142857,0.0008697872,7,2019,29,332.0,329.0,301.0,308.75
2019-07-28,201931,252,252.0,1,22.8311688571429,21.5714285714286,24.0,89.5734492857143,82.788426,96.6516371428571,0.01297444,7,2019,30,247.0,332.0,327.0,290.0
2019-08-04,201932,266,266.0,1,24.7142857142857,23.1428571428571,25.5714285714286,75.0460662857143,67.605364,84.1753851428571,0.37387055,8,2019,31,252.0,247.0,329.0,274.25
2019-08-11,201933,266,266.0,1,23.4025974285714,22.4285714285714,24.5714285714286,85.6511237142857,79.4737835714286,91.9993751428571,0.6292257,8,2019,32,266.0,252.0,332.0,257.75
2019-08-18,201934,371,371.0,1,23.636364,22.5714285714286,25.0,82.8293707142857,75.9318142857143,89.3636551428571,0.9999839,8,2019,33,266.0,266.0,247.0,288.75
2019-08-25,201935,254,254.0,1,23.9610388571429,22.5714285714286,25.0,80.0780542857143,73.2098721428571,88.6009294285714,0.0678853,8,2019,34,371.0,266.0,252.0,289.25
2019-09-01,201936,273,273.0,1,23.4718611428571,22.5714285714286,24.7142857142857,87.5052342857143,80.0755378571429,94.2165942857143,0.09762672,9,2019,35,254.0,371.0,266.0,291.0
2019-09-08,201937,315,315.0,1,25.1093074285714,24.5714285714286,26.0,76.9448825714286,72.0024221428571,80.0227442857143,0.8480139,9,2019,36,273.0,254.0,266.0,303.25
2019-09-15,201938,255,255.0,1,24.7283548571429,23.4285714285714,25.8571428571429,78.9029255714286,72.0618928571429,86.4212814285714,0.12513898,9,2019,37,315.0,273.0,371.0,274.25
2019-09-22,201939,252,252.0,2,24.9567102857143,24.2857142857143,26.1428571428571,77.223625,71.3988927142857,82.1650285714286,0.09382495,9,2019,38,255.0,315.0,254.0,273.75
2019-09-29,201940,269,269.0,2,25.7911254285714,25.0,26.5714285714286,74.5606285714286,69.6092351428571,80.65763,0.49369347,9,2019,39,252.0,255.0,273.0,272.75
2019-10-06,201941,234,234.0,2,25.2932902857143,24.1428571428571,26.0,77.2813305714286,71.4548092857143,85.0562714285714,0.1373168,10,2019,40,269.0,252.0,315.0,252.5
2019-10-13,201942,231,231.0,2,24.6742425714286,23.4285714285714,25.8571428571429,81.7298034285714,74.6878491428571,88.77546,0.1629014,10,2019,41,234.0,269.0,255.0,246.5
2019-10-20,201943,156,156.0,2,25.232684,24.2857142857143,26.4285714285714,79.539598,73.4127428571429,85.7515931428571,1.81656e-05,10,2019,42,231.0,234.0,252.0,222.5
2019-10-27,201944,179,179.0,2,25.9361468571429,25.2857142857143,27.1428571428571,72.9072421428571,67.3273967142857,75.9272022857143,0.04795281,10,2019,43,156.0,231.0,269.0,200.0
2019-11-03,201945,159,159.0,2,26.6285714285714,26.0,27.1428571428571,74.3838198571429,70.3733751428571,78.0167465714286,0.08910931,11,2019,44,179.0,156.0,234.0,181.25
2019-11-10,201946,149,149.0,2,26.7571428571429,26.0,27.1428571428571,74.2252814285714,71.5980785714286,78.0368697142857,0.12809591,11,2019,45,159.0,179.0,231.0,160.75
2019-11-17,201947,107,107.0,2,26.6064934285714,26.1428571428571,27.1428571428571,72.6488387142857,68.6061637142857,76.0559385714286,0.0008143639,11,2019,46,149.0,159.0,156.0,148.5
2019-11-24,201948,81,81.0,2,26.6636362857143,25.5714285714286,27.4285714285714,75.9943901428571,70.4475485714286,81.513448,4.5121e-05,11,2019,47,107.0,149.0,179.0,124.0
2019-12-01,201949,83,83.0,2,26.7532468571429,25.4285714285714,27.4285714285714,75.7808114285714,71.1059425714286,82.201148,0.017873665,12,2019,48,81.0,107.0,159.0,105.0
2019-12-08,201950,74,74.0,2,27.2238094285714,26.7142857142857,27.8571428571429,72.2499285714286,67.4971334285714,75.4873484285714,0.091387175,12,2019,49,83.0,81.0,149.0,86.25
2019-12-15,201951,62,62.0,2,26.8974025714286,26.0,27.7142857142857,75.7387478571429,71.1091374285714,82.5283625714286,0.060506627,12,2019,50,74.0,83.0,107.0,75.0
2019-12-22,201952,41,41.0,2,27.196104,26.8571428571429,27.7142857142857,72.3954551428571,68.6914547142857,75.4984611428571,0.001747904,12,2019,51,62.0,74.0,81.0,65.0
2019-12-29,202001,37,37.0,2,27.9916666666667,26.3333333333333,29.8333333333333,71.304912,63.147401,78.859221,0.010631216,12,2019,52,41.0,62.0,83.0,53.5
2020-01-05,202002,80,80.0,2,28.2630954285714,26.8571428571429,30.0,70.3054285714286,62.31463,78.1847042857143,0.99703264,1,2020,1,37.0,41.0,74.0,55.0
2020-01-12,202003,77,77.0,3,28.7083331428571,27.1428571428571,31.0,68.2423621428571,59.7940201428571,76.8777031428571,0.98701984,1,2020,2,80.0,37.0,62.0,58.75
2020-01-19,202004,75,75.0,3,28.7321428571429,27.0,31.0,73.3640978571429,63.6625281428571,83.1012547142857,0.7752572,1,2020,3,77.0,80.0,41.0,67.25
2020-01-26,202005,57,57.0,2,28.970238,27.2857142857143,30.8571428571429,71.9440042857143,64.1697691428571,81.1172932857143,0.07351838,1,2020,4,75.0,77.0,37.0,72.25
2020-02-02,202006,66,66.0,2,28.32971,26.8571428571429,29.8571428571429,75.5165358571429,67.9099777142857,83.2595075714286,0.3528359,2,2020,5,57.0,75.0,80.0,68.75
2020-02-09,202007,76,76.0,2,27.9428571428571,27.1428571428571,28.8571428571429,75.9332035714286,71.8790888571428,81.20595,0.8126385,2,2020,6,66.0,57.0,77.0,68.5
2020-02-16,202008,65,65.0,2,27.12987,26.0,28.4285714285714,80.1786737142857,74.495355,87.4972432857143,0.45044878,2,2020,7,76.0,66.0,75.0,66.0
2020-02-23,202009,87,87.0,2,28.3246751428571,26.8571428571429,29.1428571428571,76.962045,72.0194442857143,84.5466217142857,0.9115339,2,2020,8,65.0,76.0,57.0,73.5
2020-03-01,202010,94,94.0,2,28.103896,26.8571428571429,29.1428571428571,77.2263885714286,70.1730057142857,84.6964528571429,0.93652207,3,2020,9,87.0,65.0,66.0,80.5
2020-03-08,202011,68,68.0,2,28.5914502857143,26.2857142857143,30.5714285714286,72.6829992857143,64.0831437142857,83.0857447142857,0.13811563,3,2020,10,94.0,87.0,76.0,78.5
2020-03-15,202012,46,46.0,2,27.8393091428571,24.8571428571429,30.5714285714286,78.2416611428571,66.8603928571429,91.905425,0.0007796066,3,2020,11,68.0,94.0,65.0,73.75
2020-03-22,202013,23,23.0,2,28.565476,25.2857142857143,31.5714285714286,76.840427,62.7478808571429,90.316955,8.588e-07,3,2020,12,46.0,68.0,87.0,57.75
2020-03-29,202014,20,20.0,2,27.7450831428571,25.1428571428571,30.4285714285714,82.682625,70.3705842857143,93.4612857142857,0.000389355,3,2020,13,23.0,46.0,94.0,39.25
2020-04-05,202015,23,23.0,2,29.220238,26.4285714285714,31.2857142857143,75.13154,65.3345242857143,88.1329931428571,0.15067656,4,2020,14,20.0,23.0,68.0,28.0
2020-04-12,202016,33,33.0,2,28.4523808571429,26.0,30.8571428571429,75.4022687142857,65.1846922857143,87.5762167142857,0.8941185,4,2020,15,23.0,20.0,46.0,24.75
2020-04-19,202017,20,20.0,2,27.0178568571429,24.8571428571429,29.4285714285714,83.5591048571429,71.5387094285714,93.5562028571429,0.24618095,4,2020,16,33.0,23.0,23.0,24.0
2020-04-26,202018,28,28.0,2,27.3154762857143,24.7142857142857,30.4285714285714,80.6537485714286,68.5570882857143,91.142973,0.5935659,4,2020,17,20.0,33.0,20.0,26.0
2020-05-03,202019,26,26.0,2,28.2083334285714,25.4285714285714,30.2857142857143,74.4694998571429,66.1614085714286,87.4197901428571,0.52932507,5,2020,18,28.0,20.0,23.0,26.75
2020-05-10,202020,38,38.0,2,26.8700978571429,24.2857142857143,29.4285714285714,81.8473578571429,70.2940094285714,94.1789042857143,0.9307293,5,2020,19,26.0,28.0,33.0,28.0
2020-05-17,202021,30,30.0,2,26.9226188571429,24.5714285714286,29.4285714285714,83.7773802857143,70.908275,93.4920485714286,0.54214376,5,2020,20,38.0,26.0,20.0,30.5
2020-05-24,202022,45,45.0,2,26.5833331428571,24.1428571428571,29.7142857142857,84.1533382857143,69.1297742857143,95.0148128571429,0.919303,5,2020,21,30.0,38.0,28.0,34.75
2020-05-31,202023,83,83.0,2,26.7738094285714,24.1428571428571,30.0,82.7741468571429,67.9171811428571,94.1727864285714,0.99998325,5,2020,22,45.0,30.0,26.0,49.0
2020-06-07,202024,104,104.0,3,26.4793417142857,24.1428571428571,29.2857142857143,80.9049605714286,68.9619604285714,92.7086822857143,0.99998033,6,2020,23,83.0,45.0,38.0,65.5
2020-06-14,202025,131,131.0,3,25.89184,24.0,28.5714285714286,82.9012465714286,71.3293764285714,93.6109691428571,0.9998885,6,2020,24,104.0,83.0,30.0,90.75
2020-06-21,202026,160,160.0,3,26.6040371428571,24.1428571428571,29.0,71.121387,59.4636724285714,85.1994122857143,0.9997007,6,2020,25,131.0,104.0,45.0,119.5
2020-06-28,202027,206,206.0,3,25.311943,22.8571428571429,28.7142857142857,80.5573864285714,66.4369338571429,90.9543985714286,0.99997437,6,2020,26,160.0,131.0,83.0,150.25
2020-07-05,202028,208,208.0,3,25.2890424285714,23.2857142857143,28.4285714285714,82.2547678571429,67.7106788571429,91.8368908571429,0.99096775,7,2020,27,206.0,160.0,104.0,176.25
2020-07-12,202029,189,189.0,3,25.3578014285714,22.1428571428571,28.4285714285714,77.9274794285714,62.7149675714286,94.97915,0.5004821,7,2020,28,208.0,206.0,131.0,190.75
2020-07-19,202030,232,232.0,1,25.4981414285714,23.0,28.2857142857143,73.4994815714286,60.684225,85.9046457142857,0.9364853,7,2020,29,189.0,208.0,160.0,208.75
2020-07-26,202031,175,175.0,1,25.6689657142857,23.1428571428571,28.2857142857143,74.525965,61.9251805714286,88.1300642857143,0.07344774,7,2020,30,232.0,189.0,206.0,201.0
2020-08-02,202032,156,156.0,1,25.1680077142857,22.7142857142857,27.2857142857143,72.9200872857143,62.9986384285714,85.6327108571429,0.008230106,8,2020,31,175.0,232.0,208.0,188.0
2020-08-09,202033,145,145.0,1,25.0502068571429,22.7142857142857,27.5714285714286,76.6161714285714,66.0261138571429,87.07309,0.018460874,8,2020,32,156.0,175.0,189.0,177.0
2020-08-16,202034,140,140.0,1,25.9961177142857,24.2857142857143,28.4285714285714,74.541355,64.2573554285714,85.3213742857143,0.11679401,8,2020,33,145.0,156.0,232.0,154.0
2020-08-23,202035,124,124.0,1,25.2458591428571,22.2857142857143,27.8571428571429,74.0739828571429,63.6828837142857,86.317652,0.08368411,8,2020,34,140.0,145.0,175.0,141.25
2020-08-30,202036,131,131.0,1,25.591168,23.2857142857143,27.8571428571429,74.5300695714286,62.0057171428571,87.4296292857143,0.35127842,8,2020,35,124.0,140.0,156.0,135.0
2020-09-06,202037,136,136.0,1,26.04089,24.1428571428571,28.1428571428571,70.3100585714286,60.9203844285714,79.6083034285714,0.6220406,9,2020,36,131.0,124.0,145.0,132.75
2020-09-13,202038,119,119.0,2,26.1112837142857,24.0,28.4285714285714,71.869538,63.6294821428571,81.5019458571429,0.24595498,9,2020,37,136.0,131.0,140.0,127.5
2020-09-20,202039,133,133.0,2,26.738354,25.2857142857143,28.7142857142857,70.6728585714286,62.1569482857143,77.4214004285714,0.59135336,9,2020,38,119.0,136.0,124.0,129.75
2020-09-27,202040,102,102.0,2,26.6221534285714,24.7142857142857,29.0,72.866539,61.2336581428571,83.2669605714286,0.057545345,9,2020,39,133.0,119.0,131.0,122.5
2020-10-04,202041,80,80.0,2,27.2000514285714,25.4285714285714,29.2857142857143,73.3656301428571,65.0703888571429,81.5449125714286,0.002835615,10,2020,40,102.0,133.0,136.0,108.5
2020-10-11,202042,74,74.0,2,26.8259318571429,24.7142857142857,29.0,73.3895228571429,62.4663505714286,83.7595151428571,0.013592293,10,2020,41,80.0,102.0,119.0,97.25
2020-10-18,202043,111,111.0,2,27.059524,25.2857142857143,29.2857142857143,73.8503165714286,64.8710518571429,83.0617388571429,0.94727325,10,2020,42,74.0,80.0,133.0,91.75
2020-10-25,202044,79,79.0,2,27.7259317142857,26.1428571428571,29.5714285714286,72.146735,64.573577,78.900424,0.28935248,10,2020,43,111.0,74.0,102.0,86.0
2020-11-01,202045,71,71.0,2,27.9715794285714,26.2857142857143,30.0,73.1673628571429,64.1705114285714,81.6657051428571,0.067118384,11,2020,44,79.0,111.0,80.0,83.75
2020-11-08,202046,71,71.0,2,27.4019151428571,25.7142857142857,29.2857142857143,75.3266445714286,66.7759577142857,85.3503124285714,0.15186751,11,2020,45,71.0,79.0,74.0,83.0
2020-11-15,202047,50,50.0,2,27.6217468571429,26.2857142857143,29.5714285714286,73.3725342857143,65.4871388571429,80.2739434285714,0.016142324,11,2020,46,71.0,71.0,111.0,67.75
2020-11-22,202048,39,39.0,2,26.3847637142857,24.7142857142857,28.5714285714286,65.5422747142857,56.3616951428571,73.5025914285714,0.0057388647,11,2020,47,50.0,71.0,79.0,57.75
2020-11-29,202049,27,27.0,2,26.3847637142857,24.4714285714286,28.5714285714286,65.5422747142857,56.3616951428571,73.5025914285714,0.002025958,11,2020,48,39.0,50.0,71.0,46.75
2020-12-06,202050,41,41.0,2,26.3847637142857,24.2285714285714,28.5714285714286,65.5422747142857,56.3616951428571,73.5025914285714,0.51940054,12,2020,49,27.0,39.0,71.0,39.25
2020-12-13,202051,47,47.0,2,26.3847637142857,23.9857142857143,28.5714285714286,65.5422747142857,56.3616951428571,73.5025914285714,0.89471436,12,2020,50,41.0,27.0,50.0,38.5
2020-12-20,202052,32,32.0,2,26.3847637142857,23.7428571428571,28.5714285714286,65.5422747142857,56.3616951428571,73.5025914285714,0.2237825,12,2020,51,47.0,41.0,39.0,36.75
2021-01-03,202101,39,39.0,2,26.7026397142857,25.0,28.8571428571429,66.7845164285714,58.1733211428571,75.3652821428571,0.9920718,1,2021,53,32.0,47.0,27.0,39.75
2021-01-10,202102,33,33.0,2,26.6417184285714,24.5714285714286,29.0,66.442822,55.8835621428571,76.63182,0.95743567,1,2021,1,39.0,32.0,41.0,37.75
2021-01-17,202103,46,46.0,2,26.2397185714286,24.5714285714286,28.8571428571429,68.5804434285714,58.3854845714286,79.2549728571429,0.9757628,1,2021,2,33.0,39.0,47.0,37.5
2021-01-24,202104,57,57.0,2,26.2248101428571,24.2857142857143,28.4285714285714,70.3648765714286,60.908493,80.8352742857143,0.9794414,1,2021,3,46.0,33.0,32.0,43.75
2021-01-31,202105,63,63.0,2,26.8409091428571,25.8571428571429,28.4285714285714,67.1380314285714,59.3737352857143,73.3623792857143,0.95274454,1,2021,4,57.0,46.0,39.0,49.75
2021-02-07,202106,60,60.0,2,26.8581782857143,25.2857142857143,28.5714285714286,69.283096,61.0756617142857,78.0018185714286,0.703429,2,2021,5,63.0,57.0,33.0,56.5
2021-02-14,202107,56,56.0,2,26.779762,24.8571428571429,28.7142857142857,69.2731524285714,59.3264807142857,81.5451442857143,0.38581318,2,2021,6,60.0,63.0,46.0,59.0
2021-02-21,202108,56,56.0,2,25.9070477142857,24.5714285714286,28.1428571428571,73.4604091428571,63.6553845714286,81.7780778571429,0.38800874,2,2021,7,56.0,60.0,57.0,58.75
2021-02-28,202109,72,72.0,2,25.2050213333333,23.6666666666667,27.1666666666667,76.9762483333333,67.2214528333333,84.68638,0.89196444,2,2021,8,56.0,56.0,63.0,61.0
2021-03-07,202110,94,94.0,2,26.558081,25.5,27.5,71.8618325,65.8026675,78.794935,0.99514264,3,2021,9,72.0,56.0,60.0,69.5
2021-03-14,202111,71,71.0,2,25.82430525,23.25,27.25,70.1769035,62.176715,82.0419865,0.4615778,3,2021,10,94.0,72.0,56.0,73.25
2021-03-21,202112,86,86.0,1,25.541666,23.0,28.0,77.99321,65.771194,88.59935,0.6789981,3,2021,11,71.0,94.0,56.0,80.75
2021-03-28,202113,125,125.0,1,25.047619,22.0,28.0,80.335266,65.771194,94.06252,0.99838966,3,2021,12,86.0,71.0,72.0,94.0
2021-04-04,202114,160,160.0,3,26.6130955,24.0,29.0,70.0000325,60.092214,83.39571,0.9999737,4,2021,13,125.0,86.0,94.0,110.5
2021-04-11,202115,182,182.0,3,26.6130955,23.5,29.0,70.0000325,60.092214,83.39571,0.99961495,4,2021,14,160.0,125.0,71.0,138.25
2021-04-18,202116,288,288.0,3,25.41799,23.0,28.0,81.24065,68.6411433333333,94.1200933333333,1.0,4,2021,15,182.0,160.0,86.0,188.75
2021-04-25,202117,355,355.0,3,25.41799,22.8333333333333,28.0,81.24065,68.6411433333333,94.1200933333333,1.0,4,2021,16,288.0,182.0,125.0,246.25
2021-05-02,202118,445,445.0,3,25.41799,22.6666666666667,28.0,81.24065,68.6411433333333,94.1200933333333,1.0,5,2021,17,355.0,288.0,160.0,317.5
2021-05-09,202119,672,672.0,3,25.41799,22.5,28.0,81.24065,68.6411433333333,94.1200933333333,1.0,5,2021,18,445.0,355.0,182.0,440.0
2021-05-16,202120,923,923.0,3,25.41799,22.3333333333333,28.0,81.24065,68.6411433333333,94.1200933333333,1.0,5,2021,19,672.0,445.0,288.0,598.75
2021-05-23,202121,1011,1011.0,4,25.41799,22.1666666666667,28.0,81.24065,68.6411433333333,94.1200933333333,1.0,5,2021,20,923.0,672.0,355.0,762.75
2021-05-30,202122,1010,1010.0,4,23.53125,22.0,26.5,84.952505,74.0447275,94.08417,0.9998261,5,2021,21,1011.0,923.0,445.0,904.0
2021-06-06,202123,847,847.0,4,24.049679,22.0,26.0,80.6582075,69.579135,94.06252,0.005422747,6,2021,22,1010.0,1011.0,672.0,947.75
2021-06-13,202124,671,671.0,4,23.096619,21.5,25.3333333333333,84.84261,74.9908831666667,92.2143733333333,0.0,6,2021,23,847.0,1010.0,923.0,884.75
2021-06-20,202125,666,666.0,4,23.680124,20.7142857142857,26.8571428571429,78.1447728571429,61.6717605714286,91.6624885714286,3.8228e-06,6,2021,24,671.0,847.0,1011.0,798.5
2021-06-27,202126,616,616.0,4,23.165208,21.0,26.4285714285714,81.3248662857143,67.3001505714286,92.4424371428571,0.0013052033,6,2021,25,666.0,671.0,1010.0,700.0
2021-07-04,202127,562,562.0,4,24.0947202857143,21.2857142857143,27.0,76.7723678571429,63.7768242857143,90.0139828571428,0.0030230696,7,2021,26,616.0,666.0,847.0,628.75
2021-07-11,202128,499,499.0,4,23.8602488571429,21.5714285714286,26.0,79.219718,68.4589375714286,90.0671514285714,0.0004253597,7,2021,27,562.0,616.0,671.0,585.75
2021-07-18,202129,417,417.0,4,23.8486022857143,21.5714285714286,26.4285714285714,75.5088442857143,63.186823,88.650113,4.2411e-06,7,2021,28,499.0,562.0,666.0,523.5
2021-07-25,202130,390,390.0,1,23.9373705714286,21.1428571428571,26.8571428571429,77.6521862857143,59.4576785714286,90.8404271428571,0.0002488689,7,2021,29,417.0,499.0,616.0,467.0
2021-08-01,202131,353,353.0,1,23.8775253333333,21.6666666666667,26.8333333333333,84.7031556666667,72.1286816666667,95.2701616666667,0.001981999,8,2021,30,390.0,417.0,562.0,414.75
2021-08-08,202132,310,310.0,1,23.7880428571429,21.4285714285714,27.0,84.8702,70.1316201428571,95.7857771428571,0.0015239734,8,2021,31,353.0,390.0,499.0,367.5
2021-08-15,202133,256,256.0,1,23.1348342857143,20.7142857142857,26.0,76.3057178571429,62.5568564285714,88.4682328571429,7.69479e-05,8,2021,32,310.0,353.0,417.0,327.25
2021-08-22,202134,295,295.0,1,24.9001037142857,22.8571428571429,27.1428571428571,71.4611348571429,62.116575,83.3334811428571,0.27174392,8,2021,33,256.0,310.0,390.0,303.5
2021-08-29,202135,201,201.0,1,24.6759837142857,23.1428571428571,26.7142857142857,71.205398,63.3128535714286,80.0116278571429,0.0001458321,8,2021,34,295.0,256.0,353.0,265.5
2021-09-05,202136,220,220.0,1,24.9950828571429,22.5714285714286,27.4285714285714,70.7998578571429,58.292349,83.4532528571429,0.038986906,9,2021,35,201.0,295.0,310.0,243.0
2021-09-12,202137,152,152.0,1,25.782608,24.0,28.0,70.28256,61.613747,78.49765,4.28223e-05,9,2021,36,220.0,201.0,256.0,217.0
2021-09-19,202138,111,111.0,1,25.782608,24.4,28.0,70.28256,61.613747,78.49765,4.697e-07,9,2021,37,152.0,220.0,295.0,171.0
2021-09-26,202139,101,101.0,2,25.782608,24.8,28.0,70.28256,61.613747,78.49765,0.0001695752,9,2021,38,111.0,152.0,201.0,146.0
2021-10-03,202140,97,97.0,2,25.782608,25.2,28.0,70.28256,61.613747,78.49765,0.036474418,10,2021,39,101.0,111.0,220.0,115.25
2021-10-10,202141,105,105.0,2,27.6286232,25.6,29.8,71.888466,63.6824236,84.8882204,0.4861966,10,2021,40,97.0,101.0,152.0,103.5
2021-10-17,202142,83,83.0,2,27.8541663333333,26.1666666666667,30.0,71.9935318333333,61.1148065,81.946808,0.10735873,10,2021,41,105.0,97.0,111.0,96.5
2021-10-24,202143,86,86.0,2,27.3322982857143,24.2857142857143,29.7142857142857,70.449054,59.4030874285714,85.8416482857143,0.22755,10,2021,42,83.0,105.0,101.0,92.75
2021-10-31,202144,57,57.0,2,28.1283642857143,26.0,30.5714285714286,71.0914798571429,59.3010505714286,81.6527105714286,0.004662409,10,2021,43,86.0,83.0,97.0,82.75
2021-11-07,202145,62,62.0,2,28.23059,26.4285714285714,30.5714285714286,71.7132515714286,59.9258251428571,81.6630291428571,0.091875084,11,2021,44,57.0,86.0,105.0,72.0
2021-11-14,202146,42,42.0,2,28.1535851428571,26.0,30.2857142857143,70.4202388571429,57.1603784285714,84.6685487142857,0.010471859,11,2021,45,62.0,57.0,83.0,61.75
2021-11-21,202147,47,47.0,2,28.6221537142857,27.0,30.8571428571429,70.4514414285714,60.7920681428571,78.780716,0.18013316,11,2021,46,42.0,62.0,86.0,52.0
2021-11-28,202148,53,53.0,2,28.7034162857143,26.7142857142857,30.7142857142857,71.4113578571429,61.937779,80.2944054285714,0.63720787,11,2021,47,47.0,42.0,57.0,51.0
2021-12-05,202149,31,31.0,2,28.4296065714286,26.2857142857143,30.4285714285714,71.1186682857143,60.232515,83.3598474285714,0.03359779,12,2021,48,53.0,47.0,62.0,43.25
2021-12-12,202150,48,48.0,2,27.7761385714286,25.0,29.8571428571429,74.5876351428571,62.811187,89.1551151428571,0.6162517,12,2021,49,31.0,53.0,42.0,44.75
2021-12-19,202151,9,9.0,2,28.4081262857143,26.2857142857143,30.1428571428571,74.092435,63.9256904285714,86.065741,1.632e-06,12,2021,50,48.0,31.0,47.0,35.25
2021-12-26,202152,2,2.0,2,28.1032605714286,26.4285714285714,29.8571428571429,73.4132407142857,64.1806915714286,81.9779095714286,3.9e-09,12,2021,51,9.0,48.0,53.0,22.5
2022-01-02,202201,31,31.0,2,27.9491032857143,25.4285714285714,30.1428571428571,73.3085635714286,61.7743992857143,86.9876857142857,0.95303094,1,2022,52,2.0,9.0,31.0,22.5
2022-01-09,202202,24,24.0,2,26.9642857142857,24.4285714285714,29.1428571428571,81.7625678571429,67.9615165714286,99.1640914285714,0.93997806,1,2022,1,31.0,2.0,48.0,16.5
2022-01-16,202203,37,37.0,2,27.6740197142857,25.2857142857143,29.7142857142857,74.7398947142857,63.6498294285714,87.5319222857143,0.9810172,1,2022,2,24.0,31.0,9.0,23.5
2022-01-23,202204,35,35.0,2,27.5674601428571,25.0,29.5714285714286,75.5428365714286,64.5267695714286,90.6041657142857,0.81029,1,2022,3,37.0,24.0,2.0,31.75
2022-01-30,202205,25,25.0,2,28.6556121428571,26.1428571428571,30.7142857142857,70.2005828571429,61.959991,83.730394,0.1725621,1,2022,4,35.0,37.0,31.0,30.25
2022-02-06,202206,30,30.0,2,28.4999997142857,25.5714285714286,30.4285714285714,68.609638,57.8463322857143,83.101846,0.3981856,2,2022,5,25.0,35.0,24.0,31.75
2022-02-13,202207,27,27.0,2,27.6706348571429,25.4285714285714,29.8571428571429,75.9469648571429,62.284748,87.1334414285714,0.3803385,2,2022,6,30.0,25.0,37.0,29.25
2022-02-20,202208,37,37.0,2,28.6265525714286,25.8571428571429,30.7142857142857,70.7842135714286,60.7902532857143,86.7777974285714,0.85187334,2,2022,7,27.0,30.0,35.0,29.75
2022-02-27,202209,43,43.0,2,28.0333334285714,25.8571428571429,30.2857142857143,75.9278177142857,64.142584,87.0499822857143,0.92359114,2,2022,8,37.0,27.0,25.0,34.25
2022-03-06,202210,34,34.0,2,27.9940477142857,24.5714285714286,30.0,74.6856171428571,63.2996277142857,94.28131,0.43900558,3,2022,9,43.0,37.0,30.0,35.25
2022-03-13,202211,57,57.0,2,27.7629252857143,25.4285714285714,29.5714285714286,79.4585712857143,68.6520865714286,94.3046921428571,0.96784437,3,2022,10,34.0,43.0,27.0,42.75
2022-03-20,202212,48,48.0,2,27.0765307142857,24.7142857142857,30.0,83.6295418571429,70.3736808571429,95.9105564285714,0.72033197,3,2022,11,57.0,34.0,37.0,45.5
2022-03-27,202213,66,66.0,2,28.2291804285714,25.8571428571429,30.2857142857143,77.3155634285714,66.8158138571429,89.9174022857143,0.948563,3,2022,12,48.0,57.0,43.0,51.25
2022-04-03,202214,78,78.0,2,27.3666665714286,24.5714285714286,29.5714285714286,79.1889171428571,66.8326537142857,94.3752751428571,0.97676176,4,2022,13,66.0,48.0,34.0,62.25
2022-04-10,202215,69,69.0,2,27.8619048571429,24.4285714285714,30.5714285714286,75.61411,61.9372068571429,92.5927457142857,0.6753306,4,2022,14,78.0,66.0,57.0,65.25
2022-04-17,202216,77,77.0,2,27.4909417142857,24.5714285714286,30.0,78.7351707142857,65.1195075714286,93.550643,0.69580424,4,2022,15,69.0,78.0,48.0,72.5
2022-04-24,202217,93,93.0,2,27.1363637142857,24.1428571428571,29.4285714285714,77.8765071428571,65.4571765714286,93.3793192857143,0.93174815,4,2022,16,77.0,69.0,66.0,79.25
2022-05-01,202218,101,101.0,2,27.4388522857143,24.8571428571429,29.7142857142857,80.0782,69.6147042857143,94.4137851428572,0.9424527,5,2022,17,93.0,77.0,78.0,85.0
2022-05-08,202219,115,115.0,2,26.2152015714286,23.7142857142857,29.1428571428571,83.0606888571428,68.4858032857143,96.6684714285714,0.95705366,5,2022,18,101.0,93.0,69.0,96.5
2022-05-15,202220,104,104.0,2,27.6130954285714,24.7142857142857,30.8571428571429,79.4043884285714,63.963705,91.868855,0.59106845,5,2022,19,115.0,101.0,77.0,103.25
2022-05-22,202221,104,104.0,2,25.0629252857143,23.2857142857143,27.4285714285714,88.7982388571429,76.6813922857143,99.1701442857143,0.43229303,5,2022,20,104.0,115.0,93.0,106.0
2022-05-29,202222,109,109.0,2,25.1191212857143,23.4285714285714,28.0,91.7582875714286,77.6833602857143,100.0,0.574694,5,2022,21,104.0,104.0,101.0,108.0
2022-06-05,202223,151,151.0,2,24.5460881428571,23.1428571428571,26.8571428571429,91.0741464285714,78.3546514285714,100.0,0.9964544,6,2022,22,109.0,104.0,115.0,117.0
2022-06-12,202224,126,126.0,1,25.4821425714286,23.0,28.4285714285714,82.399495,65.7401917142857,94.6212,0.6931133,6,2022,23,151.0,109.0,104.0,122.5
2022-06-19,202225,90,90.0,1,25.3988094285714,23.0,28.0,81.94087,67.7668914285714,93.7973971428572,0.0048177387,6,2022,24,126.0,151.0,104.0,119.0
2022-06-26,202226,126,126.0,1,24.6887252857143,22.7142857142857,27.4285714285714,87.0183957142857,71.7343597142857,96.6380142857143,0.60673624,6,2022,25,90.0,126.0,109.0,123.25
2022-07-03,202227,114,114.0,1,25.6666665714286,23.8571428571429,27.7142857142857,81.7897364285714,70.5366282857143,94.1607457142857,0.56131583,7,2022,26,126.0,90.0,151.0,114.0
2022-07-10,202228,114,114.0,1,24.7661064285714,23.0,27.1428571428571,83.5333894285714,70.6709648571428,93.5539471428571,0.5193316,7,2022,27,114.0,126.0,126.0,111.0
2022-07-17,202229,111,111.0,1,24.3710312857143,22.2857142857143,26.5714285714286,80.6473641428571,67.9349878571429,91.6812771428571,0.3953217,7,2022,28,114.0,114.0,90.0,116.25
2022-07-24,202230,122,122.0,1,24.5902362857143,22.4285714285714,27.0,78.6481085714286,66.3641712857143,88.5812614285714,0.70531356,7,2022,29,111.0,114.0,126.0,115.25
2022-07-31,202231,157,157.0,1,24.5392857142857,23.0,26.2857142857143,81.8012384285714,72.3383038571429,88.9052357142857,0.99288356,7,2022,30,122.0,111.0,114.0,126.0
2022-08-07,202232,150,150.0,1,25.369048,22.5714285714286,27.8571428571429,74.149656,61.327961,88.0177571428571,0.9038335,8,2022,31,157.0,122.0,114.0,135.0
2022-08-14,202233,116,116.0,1,25.1746337142857,23.0,27.4285714285714,67.9094765714286,58.9063147142857,79.2984501428571,0.05742929,8,2022,32,150.0,157.0,111.0,136.25
2022-08-21,202234,106,106.0,1,23.8969784285714,21.8571428571429,26.2857142857143,78.3433471428571,68.3551411428571,90.1097557142857,0.017946834,8,2022,33,116.0,150.0,122.0,132.25
2022-08-28,202235,104,104.0,1,24.0905842857143,22.1428571428571,26.5714285714286,77.5875134285714,65.8290207142857,86.2999385714286,0.10459667,8,2022,34,106.0,116.0,157.0,119.0
2022-09-04,202236,76,76.0,1,24.5476191428571,22.0,27.2857142857143,75.448714,63.030527,86.99251,0.008195914,9,2022,35,104.0,106.0,150.0,100.5
2022-09-11,202237,77,77.0,1,25.2738097142857,23.5714285714286,26.5714285714286,72.0467227142857,65.5883595714286,80.6621872857143,0.06742068,9,2022,36,76.0,104.0,116.0,90.75
2022-09-18,202238,59,59.0,1,26.1298702857143,24.7142857142857,27.7142857142857,71.0353221428571,64.0369602857143,78.5906318571429,0.019312093,9,2022,37,77.0,76.0,106.0,79.0
2022-09-25,202239,56,56.0,2,26.2770145714286,24.2857142857143,28.1428571428571,68.2730994285714,60.2439442857143,75.8722735714286,0.071724355,9,2022,38,59.0,77.0,104.0,67.0
2022-10-02,202240,55,55.0,2,26.4101731428571,24.4285714285714,28.4285714285714,72.240313,62.3286965714286,83.0130605714286,0.2226568,10,2022,39,56.0,59.0,76.0,61.75
2022-10-09,202241,59,59.0,2,26.4761902857143,24.7142857142857,28.5714285714286,72.1615535714286,62.4939097142857,82.2923785714286,0.551057,10,2022,40,55.0,56.0,77.0,57.25
2022-10-16,202242,58,58.0,2,26.725599,25.1428571428571,29.0,68.9972602857143,60.9925278571429,76.0600907142857,0.55829436,10,2022,41,59.0,55.0,59.0,57.0
2022-10-23,202243,52,52.0,2,27.0357145714286,26.0,28.4285714285714,69.8300174285714,63.6586497142857,74.7328677142857,0.31587797,10,2022,42,58.0,59.0,56.0,56.0
2022-10-30,202244,59,59.0,2,27.2420635714286,25.1428571428571,29.4285714285714,69.5907564285714,59.4672278571429,80.7579097142857,0.5956517,10,2022,43,52.0,58.0,55.0,57.0
2022-11-06,202245,25,25.0,2,26.3732931428571,24.1428571428571,28.7142857142857,76.8394465714286,66.775609,88.0233157142857,0.0004753459,11,2022,44,59.0,52.0,59.0,48.5
2022-11-13,202246,26,26.0,2,26.8809528571429,24.8571428571429,28.7142857142857,73.8024064285714,66.4988294285714,84.4394677142857,0.006436314,11,2022,45,25.0,59.0,58.0,40.5
2022-11-20,202247,10,10.0,2,26.7451814285714,24.8571428571429,28.2857142857143,72.1526962857143,64.825027,80.2030891428571,7.91475e-05,11,2022,46,26.0,25.0,52.0,30.0
2022-11-27,202248,25,25.0,2,26.8800725714286,25.2857142857143,28.7142857142857,72.5720375714286,64.750912,81.0222294285714,0.57940173,11,2022,47,10.0,26.0,59.0,21.5
2022-12-04,202249,19,19.0,2,27.2803028571429,25.4285714285714,29.2857142857143,72.1709708571429,63.8236468571429,82.9599337142857,0.7692283,12,2022,48,25.0,10.0,25.0,20.0
2022-12-11,202250,8,8.0,2,27.7270298333333,25.5,29.6666666666667,70.22274,60.9731168333333,79.4981806666667,0.13691881,12,2022,49,19.0,25.0,26.0,15.5
2022-12-18,202251,7,7.0,2,27.094552,24.5,29.5,66.4560735,56.5893175,78.597223,0.08038283,12,2022,50,8.0,19.0,10.0,14.75
2022-12-25,202252,33,33.0,2,27.0126266666667,26.0,27.6666666666667,70.9022553333333,67.1765966666667,77.49065,0.9994138,12,2022,51,7.0,8.0,25.0,16.75
2023-01-01,202301,70,70.0,2,27.3463205714286,25.0,29.4285714285714,72.1169994285714,63.8028641428571,83.081898,0.9999999,1,2023,52,33.0,7.0,19.0,29.5
2023-01-08,202302,56,56.0,2,27.8154762857143,26.8571428571429,29.1428571428571,69.2205991428571,62.9186587142857,73.599946,0.97701335,1,2023,1,70.0,33.0,8.0,41.5
2023-01-15,202303,78,78.0,2,26.8571428571429,26.8571428571429,26.8571428571429,74.1516305714286,74.1516305714286,74.1516305714286,0.9806561,1,2023,2,56.0,70.0,7.0,59.25
2023-01-22,202304,65,65.0,2,27.7142857142857,27.7142857142857,27.7142857142857,71.1563145714286,71.1563145714286,71.1563145714286,0.55298716,1,2023,3,78.0,56.0,33.0,67.25
2023-01-29,202305,77,77.0,2,28.0476191428571,27.7142857142857,28.5714285714286,67.6362685714286,65.9930538571429,69.3387148571429,0.7607073,1,2023,4,65.0,78.0,70.0,69.0
2023-02-05,202306,50,50.0,2,27.095238,26.8571428571429,27.2857142857143,72.1872738571429,71.2893895714286,73.3432752857143,0.036569826,2,2023,5,77.0,65.0,56.0,67.5
2023-02-12,202307,74,74.0,2,27.9285714285714,27.7619047619048,28.0952380952381,74.7163019047619,73.9451214285714,75.487479952381,0.72259223,2,2023,6,50.0,77.0,78.0,66.5
2023-02-19,202308,102,102.0,2,27.6190474285714,26.0,29.2857142857143,75.3662177142857,67.8499231428571,83.3246614285714,0.9975071,2,2023,7,74.0,50.0,65.0,75.75
2023-02-26,202309,109,109.0,3,28.0,28.0,28.0,71.9249088571429,71.7997794285714,72.4254245714286,0.99149215,2,2023,8,102.0,74.0,77.0,83.75
2023-03-05,202310,191,191.0,3,28.0555555555556,28.0,28.1111111111111,70.2294016296296,68.869290962963,71.2204783703704,1.0,3,2023,9,109.0,102.0,50.0,119.0
2023-03-12,202311,251,251.0,3,26.8461538461538,26.5384615384615,27.1538461538462,75.3465044615385,73.6169796923077,77.1136944615385,1.0,3,2023,10,191.0,109.0,74.0,163.25
2023-03-19,202312,206,206.0,3,26.2380951428571,24.2857142857143,28.4285714285714,80.2768564285714,69.7261528571429,89.7035814285714,0.9050696,3,2023,11,251.0,191.0,102.0,189.25
2023-03-26,202313,177,177.0,2,27.2933674285714,25.7142857142857,28.2857142857143,73.268316,66.2369022857143,81.7221328571429,0.037329596,3,2023,12,206.0,251.0,109.0,206.25
2023-04-02,202314,140,140.0,2,27.6488094285714,25.0,29.8571428571429,74.4509642857143,63.8651137142857,87.3779771428571,0.0002596724,4,2023,13,177.0,206.0,191.0,193.5
2023-04-09,202315,144,144.0,2,27.5773811428571,24.7142857142857,30.0,73.6350322857143,63.3953774285714,87.4232665714286,0.034340713,4,2023,14,140.0,177.0,251.0,166.75
2023-04-16,202316,133,133.0,2,27.7976188571429,25.2857142857143,30.2857142857143,74.9836624285714,62.4412692857143,88.8567694285714,0.11843096,4,2023,15,144.0,140.0,206.0,148.5
2023-04-23,202317,117,117.0,2,27.1212120909091,24.5909090909091,29.9090909090909,78.2234577272727,65.9292983636364,89.3786251818182,0.072493136,4,2023,16,133.0,144.0,177.0,133.5
2023-04-30,202318,107,107.0,2,27.9285714285714,27.5714285714286,28.0,73.4107367142857,72.4594801428571,75.0340541428571,0.064222515,4,2023,17,117.0,133.0,140.0,125.25
2023-05-07,202319,96,96.0,2,27.4107142857143,26.8571428571429,27.8571428571429,73.6588022857143,71.8318268571429,76.2197148571429,0.062879786,5,2023,18,107.0,117.0,144.0,113.25
2023-05-14,202320,96,96.0,2,27.0238094285714,25.8571428571429,28.1428571428571,76.1097912857143,71.2625508571429,80.3434765714286,0.21453714,5,2023,19,96.0,107.0,133.0,104.0
2023-05-21,202321,64,64.0,2,26.0064934285714,24.5714285714286,27.5714285714286,82.8014828571429,75.2480185714286,90.2980737142857,0.003747407,5,2023,20,96.0,96.0,117.0,90.75
2023-05-28,202322,77,77.0,2,25.8111111111111,25.5925925925926,26.0,83.0800014074074,80.9683962222222,84.9680394074074,0.2061472,5,2023,21,64.0,96.0,107.0,83.25
2023-06-04,202323,56,56.0,1,24.7936285714286,22.6922285714286,27.4321285714286,85.6744857142857,73.8648571428571,94.0040142857143,0.03945951,6,2023,22,77.0,64.0,96.0,73.25
2023-06-11,202324,77,77.0,1,24.3298571428571,22.5646285714286,26.6181857142857,87.2063857142857,75.9576571428571,94.7670285714286,0.73188865,6,2023,23,56.0,77.0,96.0,68.5
2023-06-18,202325,54,54.0,2,25.0222222222222,24.8148148148148,25.2592592592593,85.811525037037,84.0853135555556,86.9184702962963,0.12793472,6,2023,24,77.0,56.0,64.0,66.0
2023-06-25,202326,64,64.0,2,23.9870128571429,23.7142857142857,24.2857142857143,92.7613971428571,91.0451122857143,94.2464042857143,0.4562682,6,2023,25,54.0,77.0,77.0,62.75
2023-07-02,202327,86,86.0,2,24.2727271428571,24.0,24.5714285714286,91.4794692857143,88.3637045714286,93.63986,0.9666094,7,2023,26,64.0,54.0,56.0,70.25
2023-07-09,202328,89,89.0,1,24.3752142857143,21.9134,27.4329428571429,84.4143285714286,71.3083142857143,93.4502142857143,0.9483555,7,2023,27,86.0,64.0,77.0,73.25
2023-07-16,202329,93,93.0,1,23.8084428571429,21.7137142857143,26.3786857142857,83.2687,72.8341857142857,91.9443571428571,0.846532,7,2023,28,89.0,86.0,54.0,83.0
2023-07-23,202330,80,80.0,1,23.8863142857143,21.456,27.2630285714286,82.4824142857143,68.0608285714286,91.5377571428571,0.2976472,7,2023,29,93.0,89.0,64.0,87.0
2023-07-30,202331,136,136.0,1,24.0193285714286,21.5317714285714,27.1687428571429,81.7217857142857,66.8633428571429,92.0456714285714,0.99887913,7,2023,30,80.0,93.0,86.0,99.5
2023-08-06,202332,112,112.0,1,23.9577857142857,21.8006142857143,26.8189857142857,83.1618571428571,69.8421142857143,92.1561571428571,0.82323164,8,2023,31,136.0,80.0,89.0,105.25
2023-08-13,202333,115,115.0,1,23.1133,21.1501571428571,25.526,84.8980142857143,75.4136142857143,92.7622714285714,0.5698647,8,2023,32,112.0,136.0,93.0,110.75
2023-08-20,202334,108,108.0,1,24.2168,21.8987428571429,27.1664714285714,84.6578714285714,72.2147,92.8932571428571,0.2963376,8,2023,33,115.0,112.0,80.0,117.75
2023-08-27,202335,88,88.0,1,25.1182285714286,22.7506142857143,28.5186714285714,82.6748285714286,65.8619428571429,93.0825142857143,0.047054674,8,2023,34,108.0,115.0,136.0,105.75
2023-09-03,202336,80,80.0,1,24.0168571428571,21.8036428571429,26.8312428571429,82.8844428571429,69.3062,92.4308428571428,0.042780157,9,2023,35,88.0,108.0,112.0,97.75
2023-09-10,202337,91,91.0,1,24.0086428571429,22.0465428571429,26.5362428571429,83.9922,73.9447,91.7251428571429,0.4635923,9,2023,36,80.0,88.0,115.0,91.75
2023-09-17,202338,88,88.0,1,24.4319857142857,22.6449,26.9524142857143,83.7365857142857,72.0786285714286,91.4249285714286,0.5502875,9,2023,37,91.0,80.0,108.0,86.75
2023-09-24,202339,92,92.0,1,25.1864857142857,22.5591714285714,28.8472142857143,78.8089428571429,61.6060428571429,90.4098857142857,0.6412866,9,2023,38,88.0,91.0,88.0,87.75
2023-10-01,202340,73,73.0,1,25.1710857142857,22.4765714285714,28.6679571428571,77.0756142857143,62.4228857142857,87.6280571428571,0.11700626,10,2023,39,92.0,88.0,80.0,86.0
2023-10-08,202341,93,93.0,1,25.4497857142857,23.0117571428571,28.5537,78.5950142857143,63.4982714285714,89.0514,0.70107263,10,2023,40,73.0,92.0,91.0,86.5
2023-10-15,202342,111,111.0,1,25.1478,22.4644285714286,28.8651285714286,75.7726142857143,58.3358857142857,87.3316857142857,0.968583,10,2023,41,93.0,73.0,88.0,92.25
2023-10-22,202343,61,61.0,1,25.9315428571429,22.9323,29.9868428571429,74.7251571428571,55.5098142857143,88.2261142857143,0.008303003,10,2023,42,111.0,93.0,92.0,84.5
2023-10-29,202344,56,56.0,1,26.2979,23.5049,29.9931571428571,74.5585,57.3571142857143,86.5435571428571,0.0029305345,10,2023,43,61.0,111.0,73.0,80.25
2023-11-05,202345,60,60.0,1,26.2009571428571,23.5938571428571,29.6215714285714,74.8342428571429,57.9996428571429,86.5284,0.1230349,11,2023,44,56.0,61.0,93.0,72.0
2023-11-12,202346,43,43.0,2,26.4809,23.5620285714286,30.4874,74.1716428571429,55.4312714285714,86.2514428571429,0.042877577,11,2023,45,60.0,56.0,111.0,55.0
2023-11-19,202347,61,61.0,2,27.1328142857143,24.8534714285714,30.1454857142857,69.2592285714286,54.1422714285714,82.4928142857143,0.7125478,11,2023,46,43.0,60.0,61.0,55.0
2023-11-26,202348,56,56.0,2,26.6528857142857,24.3751285714286,29.6001142857143,70.4629285714286,54.0964,82.4823857142857,0.622243,11,2023,47,61.0,43.0,56.0,55.0
2023-12-03,202349,32,32.0,2,26.9602857142857,24.7556285714286,30.0437285714286,74.3003,59.0443285714286,86.1779428571429,0.0093665,12,2023,48,56.0,61.0,60.0,48.0
2023-12-10,202350,32,32.0,2,26.9652428571429,24.8200571428571,29.6999714285714,69.8309857142857,56.4673714285714,80.5778142857143,0.027258037,12,2023,49,32.0,56.0,43.0,45.25
2023-12-17,202351,31,31.0,2,26.8007142857143,24.7817,29.5706857142857,77.1367,63.2967285714286,87.3427,0.16143876,12,2023,50,32.0,32.0,61.0,37.75
2023-12-24,202352,42,42.0,2,27.1267428571429,24.8882,30.1603571428571,75.2591285714286,58.4604285714286,88.1944,0.83527225,12,2023,51,31.0,32.0,56.0,34.25
2023-12-31,202401,93,93.0,2,27.6140142857143,25.1708,30.9190714285714,75.1299571428571,58.6317571428571,88.8234142857143,0.9999997,12,2023,52,42.0,31.0,32.0,49.5
2024-01-07,202402,85,85.0,3,27.4324285714286,25.0414428571429,30.4655714285714,73.5840571428571,58.2131,86.0785,0.9967658,1,2024,1,93.0,42.0,32.0,62.75
2024-01-14,202403,90,90.0,3,27.5325857142857,25.1960571428571,30.6776285714286,72.7036857142857,56.6213857142857,86.3408714285714,0.8871632,1,2024,2,85.0,93.0,31.0,77.5
2024-01-21,202404,120,120.0,2,28.2702285714286,25.9173142857143,31.4186285714286,73.4709142857143,57.3135428571429,86.3405,0.98919797,1,2024,3,90.0,85.0,42.0,97.0
2024-01-28,202405,164,164.0,3,27.8779714285714,25.6702142857143,30.8514571428571,71.6102285714286,56.9891,84.1740571428571,0.99996763,1,2024,4,120.0,90.0,93.0,114.75
2024-02-04,202406,242,242.0,3,28.4076714285714,26.0835285714286,31.6267285714286,70.4713,54.5868285714286,83.0099428571429,1.0,2,2024,5,164.0,120.0,85.0,154.0
2024-02-11,202407,472,472.0,3,27.2921571428571,25.2814,30.0085857142857,79.6530142857143,66.5952571428572,89.1084,1.0,2,2024,6,242.0,164.0,90.0,249.5
2024-02-18,202408,765,765.0,3,27.2645428571429,25.2743571428571,29.8103428571429,82.7339714285714,71.0914,92.9002428571429,1.0,2,2024,7,472.0,242.0,120.0,410.75
2024-02-25,202409,966,966.0,4,27.1303428571429,25.0480428571429,30.0077571428571,81.9243428571429,69.0182571428571,92.4572142857143,1.0,2,2024,8,765.0,472.0,164.0,611.25
2024-03-03,202410,960,960.0,4,27.5752142857143,25.4601857142857,30.0910714285714,81.0710428571429,69.7923428571429,90.4632285714286,1.0,3,2024,9,966.0,765.0,242.0,790.75
2024-03-10,202411,904,904.0,4,27.4290428571429,25.2962714285714,30.0205714285714,81.7721285714286,69.4362571428571,91.7673714285714,0.7266231,3,2024,10,960.0,966.0,472.0,898.75
2024-03-17,202412,808,808.0,4,27.5410714285714,25.6161714285714,30.0967857142857,81.1856571428571,70.2741571428571,90.3287,0.0029378748,3,2024,11,904.0,960.0,765.0,909.5
2024-03-24,202413,544,544.0,4,26.9718,24.9745142857143,29.2177714285714,84.2795714285714,74.3591428571429,93.9551142857143,0.0,3,2024,12,808.0,904.0,966.0,804.0
2024-03-31,202414,640,640.0,4,27.2937857142857,25.0172,30.2710142857143,82.8469857142857,69.1060857142857,93.4323714285714,0.0004844823,3,2024,13,544.0,808.0,960.0,724.0
2024-04-07,202415,599,599.0,4,27.1265714285714,25.1138571428571,29.5064857142857,82.5116714285714,71.5692857142857,92.4785714285714,0.06363164,4,2024,14,640.0,544.0,904.0,647.75
2024-04-14,202416,560,560.0,4,27.0196571428571,25.1445857142857,29.6188285714286,84.1242857142857,71.7897571428571,93.1904142857143,0.07222729,4,2024,15,599.0,640.0,808.0,585.75
2024-04-21,202417,496,496.0,4,27.1755285714286,25.0235714285714,29.7661285714286,82.8534285714286,73.2801714285714,91.9511714285714,0.0023158798,4,2024,16,560.0,599.0,544.0,573.75
2024-04-28,202418,353,353.0,4,27.0385714285714,24.9795285714286,29.4592571428571,78.6864857142857,67.0244714285714,88.5749714285714,1e-10,4,2024,17,496.0,560.0,640.0,502.0
2024-05-05,202419,335,335.0,2,26.4931428571429,24.7221857142857,28.7552142857143,83.7003285714286,73.0781428571429,92.4212,6.454e-07,5,2024,18,353.0,496.0,599.0,436.0
2024-05-12,202420,349,349.0,2,26.4019,24.4243857142857,28.8280285714286,82.6064714285714,71.3267428571429,91.9612,0.05024727,5,2024,19,335.0,353.0,560.0,383.25
2024-05-19,202421,317,317.0,2,25.8551571428571,24.0886714285714,28.0187,81.8970714285714,72.5453714285714,89.4841714285714,0.10067147,5,2024,20,349.0,335.0,496.0,338.5
2024-05-26,202422,334,334.0,2,25.4837428571429,23.9968714285714,27.6009857142857,84.3257857142857,75.1786857142857,90.8445142857143,0.4636375,5,2024,21,317.0,349.0,353.0,333.75
2024-06-02,202423,310,310.0,2,25.5320857142857,23.7747571428571,27.8105571428571,86.2522571428571,77.7393714285714,93.2197142857143,0.23563138,6,2024,22,334.0,317.0,335.0,327.5
2024-06-09,202424,352,352.0,2,25.2838,23.8353857142857,27.3042,82.8419142857143,73.1709,90.0765428571429,0.8563985,6,2024,23,310.0,334.0,349.0,328.25
2024-06-16,202425,294,294.0,2,24.8697571428571,23.1272428571429,26.9961714285714,81.9929142857143,73.3473857142857,89.7296571428571,0.111718684,6,2024,24,352.0,310.0,317.0,322.5
2024-06-23,202426,359,359.0,1,24.6225714285714,22.4778714285714,27.1272428571429,81.4677285714286,69.9057428571429,90.1773285714286,0.9003584,6,2024,25,294.0,352.0,334.0,328.75
2024-06-30,202427,308,308.0,1,24.3238428571429,22.6248,26.5151571428571,82.3851857142857,71.2839,90.9060571428571,0.2592892,6,2024,26,359.0,294.0,310.0,328.25
2024-07-07,202428,231,231.0,1,24.2666,22.5176,26.1853714285714,82.3395857142857,73.1600285714286,90.1951,5.37666e-05,7,2024,27,308.0,359.0,352.0,298.0
2024-07-14,202429,187,187.0,1,24.3296428571429,22.6601857142857,26.3974857142857,75.7858857142857,66.5497,83.6414,5.549e-07,7,2024,28,231.0,308.0,294.0,271.25
2024-07-21,202430,207,207.0,1,24.1168,22.4150428571429,26.5516571428571,72.5853,60.5156857142857,83.7740285714286,0.041137137,7,2024,29,187.0,231.0,359.0,233.25
2024-07-28,202431,181,181.0,1,24.7128285714286,23.0476857142857,27.1305714285714,76.0037857142857,61.9397714285714,85.1205714285714,0.08056835,7,2024,30,207.0,187.0,308.0,201.5
2024-08-04,202432,148,148.0,1,24.0801857142857,22.0127857142857,26.4909142857143,74.4867285714286,64.1487714285714,83.8519285714286,0.0067750337,8,2024,31,181.0,207.0,231.0,180.75
2024-08-11,202433,170,170.0,1,24.9446142857143,22.7604857142857,27.8049142857143,71.7991142857143,58.5010285714286,83.5839857142857,0.32521793,8,2024,32,148.0,181.0,187.0,176.5
2024-08-18,202434,177,177.0,1,24.4406285714286,22.7164571428571,26.6607714285714,76.0165285714286,65.1606714285714,84.5741428571429,0.73186964,8,2024,33,170.0,148.0,207.0,169.0
2024-08-25,202435,112,112.0,1,24.2411857142857,22.2601,26.9807571428571,72.4750571428571,58.3299428571429,83.5812428571429,0.0009631039,8,2024,34,177.0,170.0,181.0,151.75
2024-09-01,202436,123,123.0,1,24.7101571428571,22.7314,27.4987857142857,66.5669428571429,53.0249142857143,76.4604857142857,0.02971168,9,2024,35,112.0,177.0,148.0,145.5
2024-09-08,202437,105,105.0,1,24.3778714285714,22.6639285714286,26.6599,75.7343571428571,64.0300857142857,85.0467285714286,0.035299063,9,2024,36,123.0,112.0,170.0,129.25
2024-09-15,202438,123,123.0,1,25.0418571428571,23.0549857142857,27.8008285714286,70.6000428571429,56.4442,82.5257,0.6129188,9,2024,37,105.0,123.0,177.0,115.75
2024-09-22,202439,110,110.0,1,25.3050428571429,23.1413,28.2075142857143,71.3298428571429,56.5265285714286,84.5451,0.3891624,9,2024,38,123.0,105.0,112.0,115.25
2024-09-29,202440,131,131.0,2,25.3857571428571,23.3449,28.2001428571429,71.0559714285714,56.0782571428571,83.0958571428571,0.8414902,9,2024,39,110.0,123.0,123.0,117.25
2024-10-06,202441,146,146.0,2,26.0502428571429,23.3294,29.6902428571429,68.4409142857143,49.7913571428571,83.8028285714286,0.94877577,10,2024,40,131.0,110.0,105.0,127.5
2024-10-13,202442,130,130.0,2,26.5693714285714,24.1822285714286,29.9511285714286,69.0415428571429,50.9879857142857,82.6436285714286,0.54100627,10,2024,41,146.0,131.0,123.0,129.25
2024-10-20,202443,147,147.0,2,26.3025142857143,24.1317142857143,29.3532714285714,67.0858714285714,51.3744714285714,79.3836571428571,0.74695945,10,2024,42,130.0,146.0,110.0,138.5
2024-10-27,202444,193,193.0,2,26.2836428571429,24.0984714285714,29.2716142857143,71.0757,54.7844714285714,84.0256857142857,0.9979421,10,2024,43,147.0,130.0,131.0,154.0
2024-11-03,202445,173,173.0,2,26.2288,24.1025571428571,29.1902285714286,69.3443285714286,55.4813714285714,81.2122428571429,0.8454316,11,2024,44,193.0,147.0,146.0,160.75
2024-11-10,202446,181,181.0,2,26.5014,24.1953571428571,29.7969714285714,69.6770857142857,51.5413285714286,84.0050428571429,0.6865026,11,2024,45,173.0,193.0,130.0,173.5
2024-11-17,202447,141,141.0,2,26.5686714285714,24.0563,30.1393428571429,71.7683428571429,52.9278142857143,85.9265571428571,0.025454767,11,2024,46,181.0,173.0,147.0,172.0
2024-11-24,202448,141,141.0,2,27.1462857142857,24.6890142857143,30.7216571428571,67.3342428571429,48.3013857142857,81.2203714285714,0.069659814,11,2024,47,141.0,181.0,193.0,159.0
2024-12-01,202449,112,112.0,2,26.5964571428571,24.4233571428571,29.6091571428571,73.5746571428571,59.9023571428571,84.5528571428571,0.008650752,12,2024,48,141.0,141.0,173.0,143.75
2024-12-08,202450,147,147.0,2,27.0241571428571,24.7830857142857,29.9942285714286,70.3693428571429,55.7192428571429,82.8427714285714,0.7443049,12,2024,49,112.0,141.0,181.0,135.25
2024-12-15,202451,120,120.0,2,27.1125,24.9889428571429,29.7591,75.7581142857143,62.2370285714286,87.4425285714286,0.27785903,12,2024,50,147.0,112.0,141.0,130.0
2024-12-22,202452,121,121.0,2,27.0391,24.6904571428571,30.0159857142857,69.3362142857143,54.5096857142857,82.068,0.2936438,12,2024,51,120.0,147.0,141.0,125.0
